ImageID,Source,LabelName,Confidence,XMin,XMax,YMin,YMax,IsOccluded,IsTruncated,IsGroupOf,IsDepiction,IsInside,id ,ClassName
m0906a_0,freefrom,weed,1,0.11184374999999999,0.155046875,0.6275208333333333,0.6789583333333333,0,-1,-1,-1,-1,weed,WEED
m0906a_0,freefrom,weed,1,0.15659375,0.2044375,0.19460416666666666,0.24604166666666666,0,-1,-1,-1,-1,weed,WEED
m0906a_0,freefrom,weed,1,0.9096875000000001,0.9436406249999999,0.1843125,0.2336875,0,-1,-1,-1,-1,weed,WEED
m0906a_0,freefrom,weed,1,0.48839062499999997,0.5408593749999999,0.23245833333333332,0.35591666666666666,0,-1,-1,-1,-1,weed,WEED
m0906a_0,freefrom,weed,1,0.51615625,0.577890625,0.096645833,0.19335416666666666,0,-1,-1,-1,-1,weed,WEED
m0906a_0,freefrom,weed,1,0.843328125,0.905046875,0.7057083333333334,0.7818333333333333,0,-1,-1,-1,-1,weed,WEED
m0906a_0,freefrom,weed,1,0.98221875,1,0.6789583333333333,0.7530416666666666,0,-1,-1,-1,-1,weed,WEED
m0906a_0,freefrom,weed,1,0.9852968750000001,1,0.20777083333333335,0.27566666666666667,0,-1,-1,-1,-1,weed,WEED
m0906a_1,freefrom,weed,1,0.675109375,0.730671875,0.6460416666666667,0.7098333333333334,0,-1,-1,-1,-1,weed,WEED
m0906a_1,freefrom,weed,1,0,0.048578125,0.6810208333333333,0.7386250000000001,0,-1,-1,-1,-1,weed,WEED
m0906a_1,freefrom,weed,1,0,0.033140625,0.18308333333333332,0.2736041666666667,0,-1,-1,-1,-1,weed,WEED
m0906a_1,freefrom,weed,1,0.35721875000000003,0.403515625,0.3168125,0.38677083333333334,0,-1,-1,-1,-1,weed,WEED
m0906a_1,freefrom,weed,1,0.44517187500000005,0.48375,0.3312291666666667,0.38677083333333334,0,-1,-1,-1,-1,weed,WEED
m0906b_0,freefrom,weed,1,0.134984375,0.17510937499999998,0.10487500000000001,0.18925,0,-1,-1,-1,-1,weed,WEED
m0906b_0,freefrom,weed,1,0.14425,0.20134375000000002,0.5740208333333333,0.6439791666666667,0,-1,-1,-1,-1,weed,WEED
m0906b_0,freefrom,weed,1,0.52234375,0.564,0.1604375,0.2180625,0,-1,-1,-1,-1,weed,WEED
m0906b_0,freefrom,weed,1,0.61184375,0.65196875,0.12135416666666667,0.18925,0,-1,-1,-1,-1,weed,WEED
m0906b_0,freefrom,weed,1,0.8957968749999999,0.952890625,0.20777083333333335,0.26537499999999997,0,-1,-1,-1,-1,weed,WEED
m0906b_0,freefrom,weed,1,0.90196875,0.976046875,0.5966458333333333,0.685125,0,-1,-1,-1,-1,weed,WEED
m0906b_0,freefrom,weed,1,0.98221875,0.9991875,0.20983333333333334,0.25097916666666664,0,-1,-1,-1,-1,weed,WEED
m0906b_1,freefrom,weed,1,0.778515625,0.8417187500000001,0.238625,0.31064583333333334,0,-1,-1,-1,-1,weed,WEED
m0906b_1,freefrom,weed,1,0.44517187500000005,0.49301562499999996,0.1913125,0.29624999999999996,0,-1,-1,-1,-1,weed,WEED
m0906b_1,freefrom,weed,1,0.398875,0.434375,0.19541666666666666,0.24891666666666667,0,-1,-1,-1,-1,weed,WEED
m0906b_1,freefrom,weed,1,0.00228125,0.04240625,0.20777083333333335,0.26537499999999997,0,-1,-1,-1,-1,weed,WEED
m0906b_1,freefrom,weed,1,0.7476406250000001,0.778515625,0.7530416666666666,0.8147708333333333,0,-1,-1,-1,-1,weed,WEED
m0906b_1,freefrom,weed,1,0.005359375,0.048578125,0.6645625000000001,0.7098333333333334,0,-1,-1,-1,-1,weed,WEED
m0906b_2,freefrom,weed,1,0.9745312500000001,0.996109375,0.10693749999999999,0.18925,0,-1,-1,-1,-1,weed,WEED
m0906b_2,freefrom,weed,1,0.8340624999999999,0.8910937499999999,0.6275208333333333,0.6954166666666667,0,-1,-1,-1,-1,weed,WEED
m0906b_2,freefrom,weed,1,0.49610937499999996,0.560921875,0.0081875,0.08225,0,-1,-1,-1,-1,weed,WEED
m0906b_2,freefrom,weed,1,0.12264062499999999,0.167390625,0.039041667,0.094604167,0,-1,-1,-1,-1,weed,WEED
m0906b_2,freefrom,weed,1,0.0995,0.148875,0.4814375,0.5452083333333333,0,-1,-1,-1,-1,weed,WEED
m0906b_2,freefrom,weed,1,0.48531250000000004,0.5346875,0.12135416666666667,0.24481250000000002,0,-1,-1,-1,-1,weed,WEED
m0906b_2,freefrom,weed,1,0.9744999999999999,0.996109375,0.5843125,0.6645625000000001,0,-1,-1,-1,-1,weed,WEED
m0906b_2,freefrom,weed,1,0.89421875,0.934375,0.098708333,0.15220833333333333,0,-1,-1,-1,-1,weed,WEED
m0906b_3,freefrom,weed,1,0.6596875,0.7121562499999999,0.5308125,0.6007708333333334,0,-1,-1,-1,-1,weed,WEED
m0906b_3,freefrom,weed,1,0.43899999999999995,0.48839062499999997,0.23452083333333332,0.292125,0,-1,-1,-1,-1,weed,WEED
m0906b_3,freefrom,weed,1,0.34640624999999997,0.398875,0.20570833333333333,0.2982916666666667,0,-1,-1,-1,-1,weed,WEED
m0906b_3,freefrom,weed,1,0.00228125,0.040859374999999996,0.58225,0.6625,0,-1,-1,-1,-1,weed,WEED
m0906b_3,freefrom,weed,1,0.00228125,0.022343750000000002,0.090479167,0.17485416666666667,0,-1,-1,-1,-1,weed,WEED
m0906c_0,freefrom,weed,1,0.6427031249999999,0.6735781249999999,0.11929166666666666,0.1604375,0,-1,-1,-1,-1,weed,WEED
m0906c_0,freefrom,weed,1,0.22757812500000002,0.26925,0.6460416666666667,0.70375,0,-1,-1,-1,-1,weed,WEED
m0906c_0,freefrom,weed,1,0.25234375,0.30474999999999997,0.22216666666666668,0.2777291666666667,0,-1,-1,-1,-1,weed,WEED
m0906c_0,freefrom,weed,1,0.97140625,0.9991875,0.8415208333333334,0.8908958333333333,0,-1,-1,-1,-1,weed,WEED
m0906c_1,freefrom,weed,1,0.10721875,0.153515625,0.16866666666666666,0.24275,0,-1,-1,-1,-1,weed,WEED
m0906c_1,freefrom,weed,1,0.389625,0.435921875,0.17279166666666665,0.2406875,0,-1,-1,-1,-1,weed,WEED
m0906c_1,freefrom,weed,1,0.062453125,0.10721875,0.8435625000000001,0.9382083333333333,0,-1,-1,-1,-1,weed,WEED
m0906c_1,freefrom,weed,1,0,0.020796875,0.8230000000000001,0.899125,0,-1,-1,-1,-1,weed,WEED
m0906c_1,freefrom,weed,1,0.835609375,0.8803593749999999,0.7406874999999999,0.8168124999999999,0,-1,-1,-1,-1,weed,WEED
m0906c_1,freefrom,weed,1,0.040859374999999996,0.0794375,0.14604166666666665,0.22216666666666668,0,-1,-1,-1,-1,weed,WEED
m0906c_1,freefrom,weed,1,0.46060937500000004,0.49456249999999996,0.22216666666666668,0.24481250000000002,0,-1,-1,-1,-1,weed,WEED
m0906c_2,freefrom,weed,1,0.173578125,0.21215625,0.11106250000000001,0.17689583333333334,0,-1,-1,-1,-1,weed,WEED
m0906c_2,freefrom,weed,1,0.20598437500000003,0.27234375,0.5843125,0.6501458333333333,0,-1,-1,-1,-1,weed,WEED
m0906c_2,freefrom,weed,1,0.582515625,0.6149218750000001,0.19335416666666666,0.238625,0,-1,-1,-1,-1,weed,WEED
m0906c_2,freefrom,weed,1,0.667390625,0.7245,0.1625,0.23452083333333332,0,-1,-1,-1,-1,weed,WEED
m0906c_2,freefrom,weed,1,0.96678125,1,0.2592083333333333,0.3312291666666667,0,-1,-1,-1,-1,weed,WEED
m0906c_2,freefrom,weed,1,0.9729531250000001,0.9991875,0.6974791666666668,0.7345208333333333,0,-1,-1,-1,-1,weed,WEED
m0906c_2,freefrom,weed,1,0.57634375,0.597953125,0.9773125,0.9958333333333333,0,-1,-1,-1,-1,weed,WEED
m0906c_3,freefrom,weed,1,0.844875,0.8957968749999999,0.23656249999999998,0.31064583333333334,0,-1,-1,-1,-1,weed,WEED
m0906c_3,freefrom,weed,1,0.00228125,0.01925,0.2592083333333333,0.318875,0,-1,-1,-1,-1,weed,WEED
m0906c_3,freefrom,weed,1,0.048593750000000005,0.10721875,0.24481250000000002,0.32916666666666666,0,-1,-1,-1,-1,weed,WEED
m0906c_3,freefrom,weed,1,0.07171875,0.10721875,0.7201041666666667,0.7427499999999999,0,-1,-1,-1,-1,weed,WEED
m0906c_3,freefrom,weed,1,0.00228125,0.043937500000000004,0.6686666666666666,0.7509791666666668,0,-1,-1,-1,-1,weed,WEED
m0906c_3,freefrom,weed,1,0.787765625,0.8155468750000001,0.7612708333333333,0.8024166666666667,0,-1,-1,-1,-1,weed,WEED
m0906c_3,freefrom,weed,1,0.47604687500000004,0.54078125,0.25304166666666666,0.31477083333333333,0,-1,-1,-1,-1,weed,WEED
m0906c_3,freefrom,weed,1,0.54390625,0.57328125,0.2139375,0.2674375,0,-1,-1,-1,-1,weed,WEED
m0906d_2,freefrom,weed,1,0.573265625,0.63653125,0.5698958333333334,0.6213541666666667,0,-1,-1,-1,-1,weed,WEED
m0906d_2,freefrom,weed,1,0.70140625,0.735296875,0.5616666666666668,0.6028333333333333,0,-1,-1,-1,-1,weed,WEED
m0906d_3,freefrom,weed,1,0.120953125,0.170390625,0.96675,0.9960625000000001,0,-1,-1,-1,-1,weed,WEED
m0906d_3,freefrom,weed,1,0.585609375,0.61184375,0.6152083333333334,0.6686666666666666,0,-1,-1,-1,-1,weed,WEED
m0906d_3,freefrom,weed,1,0.050890625,0.11270312499999999,0.9557708333333333,0.9978958333333333,0,-1,-1,-1,-1,weed,WEED
m0906d_3,freefrom,weed,1,0.48684374999999996,0.5393125000000001,0.6048749999999999,0.6789583333333333,0,-1,-1,-1,-1,weed,WEED
m0906e_0,freefrom,weed,1,0.687453125,0.715234375,0.24481250000000002,0.2674375,0,-1,-1,-1,-1,weed,WEED
m0906e_0,freefrom,weed,1,0.55165625,0.61184375,0.24270833333333333,0.2818333333333333,0,-1,-1,-1,-1,weed,WEED
m0906e_1,freefrom,weed,1,0.85584375,0.932765625,0.7433125,0.8202291666666667,0,-1,-1,-1,-1,weed,WEED
m0906e_1,freefrom,weed,1,0.03621875,0.0995,0.62125,0.7015833333333333,0,-1,-1,-1,-1,weed,WEED
m0906e_1,freefrom,weed,1,0.10874999999999999,0.1643125,0.6481041666666666,0.6975,0,-1,-1,-1,-1,weed,WEED
m0906e_1,freefrom,weed,1,0.573265625,0.601046875,0.318875,0.34975,0,-1,-1,-1,-1,weed,WEED
m0906e_1,freefrom,weed,1,0.47450000000000003,0.523875,0.2674375,0.35591666666666666,0,-1,-1,-1,-1,weed,WEED
m0906e_2,freefrom,weed,1,0.9282031249999999,0.976046875,0.8970625,0.9608541666666667,0,-1,-1,-1,-1,weed,WEED
m0906e_2,freefrom,weed,1,0.562453125,0.6195625,0.158375,0.2180625,0,-1,-1,-1,-1,weed,WEED
m0906e_2,freefrom,weed,1,0.184375,0.24456250000000002,0.2406875,0.32710416666666664,0,-1,-1,-1,-1,weed,WEED
m0906e_2,freefrom,weed,1,0.19209375,0.22604687499999998,0.6727916666666667,0.7262916666666667,0,-1,-1,-1,-1,weed,WEED
m0906e_3,freefrom,weed,1,0.37110937499999996,0.412765625,0.1913125,0.2736041666666667,0,-1,-1,-1,-1,weed,WEED
m0906e_3,freefrom,weed,1,0.0038125,0.04240625,0.20570833333333333,0.2797916666666667,0,-1,-1,-1,-1,weed,WEED
m0906e_3,freefrom,weed,1,0.068625,0.12265625,0.23656249999999998,0.3168125,0,-1,-1,-1,-1,weed,WEED
m0906e_3,freefrom,weed,1,0.434375,0.47604687500000004,0.24891666666666667,0.3065208333333333,0,-1,-1,-1,-1,weed,WEED
m0906e_3,freefrom,weed,1,0.01925,0.065546875,0.9011875,0.9814375,0,-1,-1,-1,-1,weed,WEED
m0906e_3,freefrom,weed,1,0.7970312500000001,0.840234375,0.7571458333333333,0.8147708333333333,0,-1,-1,-1,-1,weed,WEED
m0906f_0,freefrom,weed,1,0.705984375,0.7491875,0.21600000000000003,0.2674375,0,-1,-1,-1,-1,weed,WEED
m0906f_0,freefrom,weed,1,0.33406250000000004,0.368015625,0.7592083333333334,0.8044791666666666,0,-1,-1,-1,-1,weed,WEED
m0906f_0,freefrom,weed,1,0.023875,0.073265625,0.30241666666666667,0.3744375,0,-1,-1,-1,-1,weed,WEED
m0906f_0,freefrom,weed,1,0.344875,0.40196875,0.185125,0.25304166666666666,0,-1,-1,-1,-1,weed,WEED
m0906f_0,freefrom,weed,1,0.32171875,0.39578125000000003,0.8744375000000001,0.9382083333333333,0,-1,-1,-1,-1,weed,WEED
m0906f_1,freefrom,weed,1,0.13190625,0.187453125,0.7283333333333334,0.7571458333333333,0,-1,-1,-1,-1,weed,WEED
m0906f_1,freefrom,weed,1,0.80475,0.840234375,0.6069375,0.6768958333333334,0,-1,-1,-1,-1,weed,WEED
m0906f_1,freefrom,weed,1,0.020624999999999998,0.08390625,0.192125,0.2662083333333333,0,-1,-1,-1,-1,weed,WEED
m0906f_2,freefrom,weed,1,0.312453125,0.37728125,0.3847291666666666,0.46495833333333336,0,-1,-1,-1,-1,weed,WEED
m0906f_2,freefrom,weed,1,0.59640625,0.6643125000000001,0.3847291666666666,0.43204166666666666,0,-1,-1,-1,-1,weed,WEED
m0906f_2,freefrom,weed,1,0.590234375,0.675109375,0.25104166666666666,0.3044791666666667,0,-1,-1,-1,-1,weed,WEED
m0906f_2,freefrom,weed,1,0.013125000000000001,0.073265625,0.31477083333333333,0.4011875,0,-1,-1,-1,-1,weed,WEED
m0906f_2,freefrom,weed,1,0.040859374999999996,0.06709375,0.4341041666666667,0.47525,0,-1,-1,-1,-1,weed,WEED
m0906f_2,freefrom,weed,1,0.300109375,0.360296875,0.2797916666666667,0.3394583333333333,0,-1,-1,-1,-1,weed,WEED
m0906f_2,freefrom,weed,1,0.34484375,0.41765625,0.930125,0.9722500000000001,0,-1,-1,-1,-1,weed,WEED
m0906f_2,freefrom,weed,1,0.37506249999999997,0.42589062499999997,0.98325,0.9978958333333333,0,-1,-1,-1,-1,weed,WEED
m0906f_3,freefrom,weed,1,0.153515625,0.198265625,0.8394583333333333,0.8888333333333333,0,-1,-1,-1,-1,weed,WEED
m0906f_3,freefrom,weed,1,0.82640625,0.8803593749999999,0.7736041666666666,0.8353333333333333,0,-1,-1,-1,-1,weed,WEED
m0906f_3,freefrom,weed,1,0.8294375,0.854125,0.8847291666666667,0.9361666666666667,0,-1,-1,-1,-1,weed,WEED
m0906f_3,freefrom,weed,1,0.564,0.61646875,0.2715416666666667,0.34975,0,-1,-1,-1,-1,weed,WEED
m0906f_3,freefrom,weed,1,0.12728124999999998,0.17975000000000002,0.34975,0.44027083333333333,0,-1,-1,-1,-1,weed,WEED
m0906f_3,freefrom,weed,1,0.15196875,0.202890625,0.2695,0.32916666666666666,0,-1,-1,-1,-1,weed,WEED
m0906f_3,freefrom,weed,1,0.564,0.610296875,0.36002083333333335,0.42793749999999997,0,-1,-1,-1,-1,weed,WEED
m0906f_3,freefrom,weed,1,0.16893750000000002,0.23684375000000002,0.7509791666666668,0.8147708333333333,0,-1,-1,-1,-1,weed,WEED
m0906g_0,freefrom,weed,1,0.730671875,0.792390625,0.24685416666666665,0.3127083333333333,0,-1,-1,-1,-1,weed,WEED
m0906g_0,freefrom,weed,1,0.6658593749999999,0.7507343750000001,0.7571458333333333,0.8270833333333333,0,-1,-1,-1,-1,weed,WEED
m0906g_0,freefrom,weed,1,0.7970312500000001,0.8664687499999999,0.7777291666666667,0.8435416666666666,0,-1,-1,-1,-1,weed,WEED
m0906g_0,freefrom,weed,1,0.395796875,0.44517187500000005,0.2633125,0.33327083333333335,0,-1,-1,-1,-1,weed,WEED
m0906g_1,freefrom,weed,1,0.43899999999999995,0.505359375,0.15427083333333333,0.22216666666666668,0,-1,-1,-1,-1,weed,WEED
m0906g_1,freefrom,weed,1,0.090234375,0.133453125,0.23656249999999998,0.31687499999999996,0,-1,-1,-1,-1,weed,WEED
m0906g_1,freefrom,weed,1,0.772328125,0.8201562499999999,0.22833333333333333,0.2797916666666667,0,-1,-1,-1,-1,weed,WEED
m0906g_1,freefrom,weed,1,0.448265625,0.49146875,0.7303958333333332,0.7674375,0,-1,-1,-1,-1,weed,WEED
m0906g_1,freefrom,weed,1,0.46987500000000004,0.520796875,0.8435625000000001,0.9094166666666667,0,-1,-1,-1,-1,weed,WEED
m0906g_2,freefrom,weed,1,0.743015625,0.820171875,0.42997916666666663,0.49170833333333336,0,-1,-1,-1,-1,weed,WEED
m0906g_2,freefrom,weed,1,0.40196875,0.46215624999999994,0.45056250000000003,0.5534374999999999,0,-1,-1,-1,-1,weed,WEED
m0906g_2,freefrom,weed,1,0.35721875000000003,0.420484375,0.27566666666666667,0.35385416666666664,0,-1,-1,-1,-1,weed,WEED
m0906g_2,freefrom,weed,1,0.7677031249999999,0.810921875,0.32916666666666666,0.3806041666666667,0,-1,-1,-1,-1,weed,WEED
m0906g_2,freefrom,weed,1,0.715234375,0.77696875,0.9155833333333334,0.9814375,0,-1,-1,-1,-1,weed,WEED
m0906g_3,freefrom,weed,1,0.434375,0.48684374999999996,0.3539583333333333,0.43204166666666666,0,-1,-1,-1,-1,weed,WEED
m0906g_3,freefrom,weed,1,0.483578125,0.527546875,0.8898333333333334,0.9485416666666667,0,-1,-1,-1,-1,weed,WEED
m0906g_3,freefrom,weed,1,0.45596875,0.5028125,0.9520833333333333,0.9960625000000001,0,-1,-1,-1,-1,weed,WEED
m0906g_3,freefrom,weed,1,0.11184374999999999,0.15196875,0.42793749999999997,0.4814375,0,-1,-1,-1,-1,weed,WEED
m0906g_3,freefrom,weed,1,0.133453125,0.19046875000000002,0.31064583333333334,0.3847291666666666,0,-1,-1,-1,-1,weed,WEED
m0906g_3,freefrom,weed,1,0.42357812499999997,0.48221875000000003,0.24685416666666665,0.31064583333333334,0,-1,-1,-1,-1,weed,WEED
m0906g_3,freefrom,weed,1,0.718328125,0.78,0.20158333333333334,0.2674375,0,-1,-1,-1,-1,weed,WEED
m0906g_3,freefrom,weed,1,0.707515625,0.7677031249999999,0.3250416666666667,0.39089583333333333,0,-1,-1,-1,-1,weed,WEED
m0906h_0,freefrom,weed,1,0.738390625,0.8155468750000001,0.10479166666666666,0.18308333333333332,0,-1,-1,-1,-1,weed,WEED
m0906h_0,freefrom,weed,1,0.6998125,0.7445625,0.6213541666666667,0.6666041666666668,0,-1,-1,-1,-1,weed,WEED
m0906h_0,freefrom,weed,1,0.6797500000000001,0.75690625,0.7283333333333334,0.7900625,0,-1,-1,-1,-1,weed,WEED
m0906h_0,freefrom,weed,1,0.2939375,0.35567187499999997,0.6028333333333333,0.6707291666666666,0,-1,-1,-1,-1,weed,WEED
m0906h_0,freefrom,weed,1,0.330984375,0.39115625,0.7695000000000001,0.8620833333333333,0,-1,-1,-1,-1,weed,WEED
m0906h_0,freefrom,weed,1,0.610296875,0.690546875,0.11106250000000001,0.16041666666666668,0,-1,-1,-1,-1,weed,WEED
m0906h_1,freefrom,weed,1,0.050109375,0.11796875,0.6007708333333334,0.6933541666666667,0,-1,-1,-1,-1,weed,WEED
m0906h_1,freefrom,weed,1,0.398875,0.4575,0.16866666666666666,0.23039583333333333,0,-1,-1,-1,-1,weed,WEED
m0906h_1,freefrom,weed,1,0.375734375,0.417390625,0.063729167,0.11516666666666667,0,-1,-1,-1,-1,weed,WEED
m0906h_1,freefrom,weed,1,0.375734375,0.4328125,0.6625,0.7468541666666667,0,-1,-1,-1,-1,weed,WEED
m0906h_1,freefrom,weed,1,0.662765625,0.72140625,0.5266875,0.6007708333333334,0,-1,-1,-1,-1,weed,WEED
m0906h_1,freefrom,weed,1,0.3695625,0.42203125,0.5575625,0.6213541666666667,0,-1,-1,-1,-1,weed,WEED
m0906h_1,freefrom,weed,1,0.050109375,0.082515625,0.7386250000000001,0.7880208333333333,0,-1,-1,-1,-1,weed,WEED
m0906h_1,freefrom,weed,1,0.65196875,0.71828125,0.6563333333333333,0.7201041666666667,0,-1,-1,-1,-1,weed,WEED
m0906h_2,freefrom,weed,1,0.63190625,0.710609375,0.24685416666666665,0.318875,0,-1,-1,-1,-1,weed,WEED
m0906h_2,freefrom,weed,1,0.435921875,0.48684374999999996,0.7077708333333333,0.7756666666666666,0,-1,-1,-1,-1,weed,WEED
m0906h_2,freefrom,weed,1,0.65046875,0.69209375,0.38266666666666665,0.4320833333333333,0,-1,-1,-1,-1,weed,WEED
m0906h_3,freefrom,weed,1,0.412765625,0.49146875,0.2900625,0.36002083333333335,0,-1,-1,-1,-1,weed,WEED
m0906h_3,freefrom,weed,1,0.435921875,0.48375,0.22833333333333333,0.2777291666666667,0,-1,-1,-1,-1,weed,WEED
m0906h_3,freefrom,weed,1,0.78621875,0.844875,0.6954166666666667,0.7489166666666667,0,-1,-1,-1,-1,weed,WEED
m0906h_3,freefrom,weed,1,0.040859374999999996,0.090234375,0.765375,0.8106458333333334,0,-1,-1,-1,-1,weed,WEED
m0906h_3,freefrom,weed,1,0.443640625,0.497640625,0.7859583333333333,0.84975,0,-1,-1,-1,-1,weed,WEED
m0906i_0,freefrom,weed,1,0.273875,0.344875,0.051395833333333335,0.1378125,0,-1,-1,-1,-1,weed,WEED
m0906i_0,freefrom,weed,1,0.210609375,0.26925,0.6748541666666666,0.7345208333333333,0,-1,-1,-1,-1,weed,WEED
m0906i_0,freefrom,weed,1,0.580984375,0.6288125,0.5431666666666667,0.6254583333333333,0,-1,-1,-1,-1,weed,WEED
m0906i_0,freefrom,weed,1,0.562453125,0.5886875,0.6748541666666666,0.7283333333333334,0,-1,-1,-1,-1,weed,WEED
m0906i_0,freefrom,weed,1,0.8849843749999999,0.937453125,0.48760416666666667,0.5493333333333333,0,-1,-1,-1,-1,weed,WEED
m0906i_0,freefrom,weed,1,0.88653125,0.952890625,0.5945833333333332,0.6830833333333334,0,-1,-1,-1,-1,weed,WEED
m0906i_0,freefrom,weed,1,0.923578125,0.9852968750000001,0.08225,0.14604166666666665,0,-1,-1,-1,-1,weed,WEED
m0906i_0,freefrom,weed,1,0.9143125,0.9544375,0,0.032875,0,-1,-1,-1,-1,weed,WEED
m0906i_0,freefrom,weed,1,0.167390625,0.22757812500000002,0.061666667,0.10693749999999999,0,-1,-1,-1,-1,weed,WEED
m0906i_0,freefrom,weed,1,0.21832812499999998,0.258453125,0.5698958333333334,0.6151666666666666,0,-1,-1,-1,-1,weed,WEED
m0906i_1,freefrom,weed,1,0.695171875,0.7677031249999999,0.5698958333333334,0.6254166666666666,0,-1,-1,-1,-1,weed,WEED
m0906i_1,freefrom,weed,1,0.7044374999999999,0.78621875,0.49789583333333337,0.5575625,0,-1,-1,-1,-1,weed,WEED
m0906i_1,freefrom,weed,1,0.189,0.2538125,0.5904791666666667,0.6501458333333333,0,-1,-1,-1,-1,weed,WEED
m0906i_1,freefrom,weed,1,0.1998125,0.26921875,0.4546875,0.5245833333333334,0,-1,-1,-1,-1,weed,WEED
m0906i_1,freefrom,weed,1,0.738390625,0.773875,0.9814375,0.9917083333333333,0,-1,-1,-1,-1,weed,WEED
m0906i_1,freefrom,weed,1,0.682828125,0.73221875,0.0081875,0.039041667,0,-1,-1,-1,-1,weed,WEED
m0906i_2,freefrom,weed,1,0.16893750000000002,0.22912499999999997,0.18308333333333332,0.24481250000000002,0,-1,-1,-1,-1,weed,WEED
m0906i_2,freefrom,weed,1,0.00228125,0.0393125,0.6336875000000001,0.6974791666666668,0,-1,-1,-1,-1,weed,WEED
m0906i_2,freefrom,weed,1,0.1596875,0.21832812499999998,0.31477083333333333,0.36824999999999997,0,-1,-1,-1,-1,weed,WEED
m0906i_2,freefrom,weed,1,0.557828125,0.60875,0.7139375,0.7612708333333333,0,-1,-1,-1,-1,weed,WEED
m0906i_2,freefrom,weed,1,0.969875,0.9991875,0.7571458333333333,0.8209375,0,-1,-1,-1,-1,weed,WEED
m0906i_2,freefrom,weed,1,0.952890625,0.9991875,0.17279166666666665,0.23452083333333332,0,-1,-1,-1,-1,weed,WEED
m0906i_2,freefrom,weed,1,0.93128125,0.9991875,0.238625,0.31477083333333333,0,-1,-1,-1,-1,weed,WEED
m0906i_3,freefrom,weed,1,0.74146875,0.7908593749999999,0.0040625,0.045208333,0,-1,-1,-1,-1,weed,WEED
m0906i_3,freefrom,weed,1,0.000734375,0.025421875,0.7674375,0.8085833333333333,0,-1,-1,-1,-1,weed,WEED
m0906i_3,freefrom,weed,1,0.35567187499999997,0.41121875,0.6810208333333333,0.7448125,0,-1,-1,-1,-1,weed,WEED
m0906i_3,freefrom,weed,1,0.71846875,0.7637968749999999,0.083979167,0.11877083333333333,0,-1,-1,-1,-1,weed,WEED
m0906j_0,freefrom,weed,1,0.06709375,0.15196875,0.5966458333333333,0.6583749999999999,0,-1,-1,-1,-1,weed,WEED
m0906j_0,freefrom,weed,1,0.064,0.1241875,0.7180625,0.7777291666666667,0,-1,-1,-1,-1,weed,WEED
m0906j_0,freefrom,weed,1,0.57328125,0.6288125,0.609,0.6686666666666666,0,-1,-1,-1,-1,weed,WEED
m0906j_0,freefrom,weed,1,0.5485781249999999,0.605671875,0.6892499999999999,0.7468541666666667,0,-1,-1,-1,-1,weed,WEED
m0906j_0,freefrom,weed,1,0.5840625,0.63653125,0.061666667,0.1378125,0,-1,-1,-1,-1,weed,WEED
m0906j_1,freefrom,weed,1,0.2846875,0.310921875,0.139875,0.17485416666666667,0,-1,-1,-1,-1,weed,WEED
m0906j_1,freefrom,weed,1,0.00228125,0.064,0.6192916666666667,0.6933541666666667,0,-1,-1,-1,-1,weed,WEED
m0906j_1,freefrom,weed,1,0.00228125,0.05475,0.7139375,0.7736041666666666,0,-1,-1,-1,-1,weed,WEED
m0906j_1,freefrom,weed,1,0.263078125,0.30165625,0.0081875,0.043166666666666666,0,-1,-1,-1,-1,weed,WEED
m0906j_2,freefrom,weed,1,0.22912499999999997,0.2846875,0.7509791666666668,0.8230000000000001,0,-1,-1,-1,-1,weed,WEED
m0906j_2,freefrom,weed,1,0.5886875,0.638078125,0.19335416666666666,0.25097916666666664,0,-1,-1,-1,-1,weed,WEED
m0906j_2,freefrom,weed,1,0.601046875,0.667390625,0.092541667,0.1645625,0,-1,-1,-1,-1,weed,WEED
m0906j_3,freefrom,weed,1,0.306140625,0.37403125,0.1695,0.22916666666666666,0,-1,-1,-1,-1,weed,WEED
m0906j_3,freefrom,weed,1,0.0038125,0.045484375,0.7468541666666667,0.8271041666666666,0,-1,-1,-1,-1,weed,WEED
m0906j_3,freefrom,weed,1,0.32171875,0.35875,0.3044791666666667,0.3476875,0,-1,-1,-1,-1,weed,WEED
m0910a_0,freefrom,weed,1,0.7599843749999999,0.7846875,0.48760416666666667,0.52875,0,-1,-1,-1,-1,weed,WEED
m0910a_0,freefrom,weed,1,0.934375,0.97140625,0.8209375,0.8744375000000001,0,-1,-1,-1,-1,weed,WEED
m0910a_0,freefrom,weed,1,0.932828125,0.9544375,0.765375,0.7921250000000001,0,-1,-1,-1,-1,weed,WEED
m0910a_0,freefrom,weed,1,0.5840625,0.60721875,0.4814375,0.5164166666666666,0,-1,-1,-1,-1,weed,WEED
m0910a_0,freefrom,weed,1,0.59178125,0.6288125,0.7592083333333334,0.8044791666666666,0,-1,-1,-1,-1,weed,WEED
m0910a_0,freefrom,weed,1,0.40504687500000003,0.42975,0.46908333333333335,0.5102291666666666,0,-1,-1,-1,-1,weed,WEED
m0910a_0,freefrom,weed,1,0.9559843750000001,0.98221875,0.4608541666666667,0.49789583333333337,0,-1,-1,-1,-1,weed,WEED
m0910a_0,freefrom,weed,1,0.528515625,0.5748125,0.7427499999999999,0.7797916666666667,0,-1,-1,-1,-1,weed,WEED
simple5710,freefrom,weed,1,0.65515625,0.684265625,0.3552916666666667,0.39422916666666663,0,-1,-1,-1,-1,weed,WEED
simple5710,freefrom,weed,1,0.026500000000000003,0.073953125,0.14847916666666666,0.21295833333333333,0,-1,-1,-1,-1,weed,WEED
simple5710,freefrom,weed,1,0.157890625,0.197125,0.18375,0.23485416666666667,0,-1,-1,-1,-1,weed,WEED
simple5710,freefrom,weed,1,0.4935625,0.5255,0.076583333,0.1363125,0,-1,-1,-1,-1,weed,WEED
simple5710,freefrom,weed,1,0.713546875,0.730796875,0.064416667,0.087520833,0,-1,-1,-1,-1,weed,WEED
simple5710,freefrom,weed,1,0.7728125,0.802921875,0.35020833333333334,0.42604166666666665,0,-1,-1,-1,-1,weed,WEED
simple6454,freefrom,weed,1,0.78553125,0.84128125,0.7322916666666667,0.8139375,0,-1,-1,-1,-1,weed,WEED
simple6454,freefrom,weed,1,0.337640625,0.380421875,0.211625,0.2603958333333333,0,-1,-1,-1,-1,weed,WEED
simple6454,freefrom,weed,1,0.141375,0.1515,0,0.027916666666666666,0,-1,-1,-1,-1,weed,WEED
simple6454,freefrom,weed,1,0.77234375,0.803359375,0.22333333333333333,0.2645625,0,-1,-1,-1,-1,weed,WEED
simple6454,freefrom,weed,1,0.6505,0.7098125,0.7055416666666667,0.7967708333333333,0,-1,-1,-1,-1,weed,WEED
simple6454,freefrom,weed,1,0.690640625,0.721765625,0.19458333333333336,0.2360625,0,-1,-1,-1,-1,weed,WEED
simple6603,freefrom,weed,1,0.7107187500000001,0.745390625,0.038875,0.085104167,0,-1,-1,-1,-1,weed,WEED
simple6603,freefrom,weed,1,0.45543750000000005,0.4735625,0.088479167,0.12166666666666666,0,-1,-1,-1,-1,weed,WEED
simple6603,freefrom,weed,1,0.013125000000000001,0.0438125,0.11375,0.175125,0,-1,-1,-1,-1,weed,WEED
simple6603,freefrom,weed,1,0.23718750000000002,0.32029687500000004,0.4561458333333333,0.5498125,0,-1,-1,-1,-1,weed,WEED
simple6603,freefrom,weed,1,0.7199375,0.7654687499999999,0.3904583333333333,0.4634375,0,-1,-1,-1,-1,weed,WEED
simple6603,freefrom,weed,1,0.82659375,0.8659218750000001,0.45249999999999996,0.48668750000000005,0,-1,-1,-1,-1,weed,WEED
simple6603,freefrom,weed,1,0.8205625,0.8435,0.097895833,0.12695833333333334,0,-1,-1,-1,-1,weed,WEED
simple7055,freefrom,weed,1,0.032015625,0.10870312499999998,0.5163958333333334,0.6051458333333334,0,-1,-1,-1,-1,weed,WEED
simple7055,freefrom,weed,1,0.629984375,0.661625,0.026916666666666665,0.055583333,0,-1,-1,-1,-1,weed,WEED
simple7055,freefrom,weed,1,0.21106250000000001,0.238203125,0.016395833333333335,0.046583333,0,-1,-1,-1,-1,weed,WEED
simple7055,freefrom,weed,1,0.33381249999999996,0.36320312499999996,0.052291667,0.097625,0,-1,-1,-1,-1,weed,WEED
simple7055,freefrom,weed,1,0.895859375,0.930765625,0.27166666666666667,0.3063333333333333,0,-1,-1,-1,-1,weed,WEED
simple7055,freefrom,weed,1,0.5940624999999999,0.6289687500000001,0.2986875,0.346875,0,-1,-1,-1,-1,weed,WEED
simple7055,freefrom,weed,1,0.955875,0.9948750000000001,0.9495833333333333,1,0,-1,-1,-1,-1,weed,WEED
simple11117,freefrom,weed,1,0.562046875,0.5920468750000001,0.9547291666666666,0.9799375,0,-1,-1,-1,-1,weed,WEED
simple11117,freefrom,weed,1,0.487046875,0.532046875,0.11060416666666667,0.19739583333333333,0,-1,-1,-1,-1,weed,WEED
simple11117,freefrom,weed,1,0.639046875,0.703046875,0.13872916666666668,0.22672916666666668,0,-1,-1,-1,-1,weed,WEED
simple11117,freefrom,weed,1,0.975046875,0.998046875,0.5947291666666668,0.6439374999999999,0,-1,-1,-1,-1,weed,WEED
simple11117,freefrom,weed,1,0.419046875,0.46504687499999997,0.9573958333333333,0.9933958333333333,0,-1,-1,-1,-1,weed,WEED
simple11706,freefrom,weed,1,0.606046875,0.686046875,0.5679375,0.6306041666666666,0,-1,-1,-1,-1,weed,WEED
simple11706,freefrom,weed,1,0.9680781250000001,0.9967812500000001,0.2111458333333333,0.263,0,-1,-1,-1,-1,weed,WEED
simple11706,freefrom,weed,1,0.42000000000000004,0.48004687500000004,0.5225000000000001,0.6226041666666667,0,-1,-1,-1,-1,weed,WEED
simple12005,freefrom,weed,1,0.47178125,0.5227031249999999,0.29139583333333335,0.40372916666666664,0,-1,-1,-1,-1,weed,WEED
simple12005,freefrom,weed,1,0.635671875,0.6643749999999999,0.3099166666666667,0.37287499999999996,0,-1,-1,-1,-1,weed,WEED
simple13204,freefrom,weed,1,0.64215625,0.67734375,0.10497916666666667,0.19508333333333333,0,-1,-1,-1,-1,weed,WEED
simple13204,freefrom,weed,1,0.9606718750000001,0.9967812500000001,0.74325,0.7913958333333333,0,-1,-1,-1,-1,weed,WEED
simple13204,freefrom,weed,1,0.47270312499999995,0.515296875,0.070395833,0.192625,0,-1,-1,-1,-1,weed,WEED
simple14106,freefrom,weed,1,0.730109375,0.7699374999999999,0.7926249999999999,0.8864583333333333,0,-1,-1,-1,-1,weed,WEED
simple14106,freefrom,weed,1,0.5532812500000001,0.61159375,0.7827500000000001,0.8778125,0,-1,-1,-1,-1,weed,WEED
simple14112,freefrom,weed,1,0.7828906250000001,0.80975,0.8555833333333334,0.9000416666666666,0,-1,-1,-1,-1,weed,WEED
simple14112,freefrom,weed,1,0.96328125,0.985546875,0.42266666666666663,0.44779166666666664,0,-1,-1,-1,-1,weed,WEED
simple14112,freefrom,weed,1,0.405109375,0.43937499999999996,0.933375,0.9839791666666666,0,-1,-1,-1,-1,weed,WEED
simple14112,freefrom,weed,1,0.520515625,0.5472187500000001,0.9783333333333334,0.9984583333333333,0,-1,-1,-1,-1,weed,WEED
simple14112,freefrom,weed,1,0.532,0.548,0.5292916666666667,0.5620416666666667,0,-1,-1,-1,-1,weed,WEED
simple14112,freefrom,weed,1,0.6268281250000001,0.637109375,0.57575,0.5978333333333333,0,-1,-1,-1,-1,weed,WEED
simple14112,freefrom,weed,1,0.592546875,0.604546875,0.2916666666666667,0.31375,0,-1,-1,-1,-1,weed,WEED
simple14112,freefrom,weed,1,0.64625,0.6548125,0.2977708333333334,0.33508333333333334,0,-1,-1,-1,-1,weed,WEED
simple14112,freefrom,weed,1,0.8124687500000001,0.8301718749999999,0.48283333333333334,0.5148125,0,-1,-1,-1,-1,weed,WEED
simple14256,freefrom,weed,1,0.5645625,0.6308281250000001,0.7341666666666666,0.8407916666666666,0,-1,-1,-1,-1,weed,WEED
simple14256,freefrom,weed,1,0.7445,0.793046875,0.7600625,0.8240416666666667,0,-1,-1,-1,-1,weed,WEED
simple14262,freefrom,weed,1,0.701359375,0.7295625,0.7595624999999999,0.799875,0,-1,-1,-1,-1,weed,WEED
simple14262,freefrom,weed,1,0.40845312500000003,0.44470312500000003,0.9369375000000001,0.9978333333333332,0,-1,-1,-1,-1,weed,WEED
simple14262,freefrom,weed,1,0.427796875,0.44415625,0.5188958333333333,0.5446458333333334,0,-1,-1,-1,-1,weed,WEED
simple14262,freefrom,weed,1,0.5101093750000001,0.526375,0.5487083333333334,0.5800208333333334,0,-1,-1,-1,-1,weed,WEED
simple14262,freefrom,weed,1,0.7153906250000001,0.728609375,0.49316666666666664,0.5161875,0,-1,-1,-1,-1,weed,WEED
simple14262,freefrom,weed,1,0.27559374999999997,0.300234375,0.9488541666666667,0.9975,0,-1,-1,-1,-1,weed,WEED
simple14262,freefrom,weed,1,0.906625,0.93203125,0.7305208333333333,0.7684583333333334,0,-1,-1,-1,-1,weed,WEED
simple14262,freefrom,weed,1,0.9299687499999999,0.936359375,0.23875,0.257,0,-1,-1,-1,-1,weed,WEED
simple14262,freefrom,weed,1,0.526375,0.539359375,0.29091666666666666,0.3125,0,-1,-1,-1,-1,weed,WEED
simple14262,freefrom,weed,1,0.5791875,0.59153125,0.12675,0.14277083333333335,0,-1,-1,-1,-1,weed,WEED
simple14262,freefrom,weed,1,0.624859375,0.631703125,0.1345208333333333,0.1509375,0,-1,-1,-1,-1,weed,WEED
simple14862,freefrom,weed,1,0.5656718749999999,0.58478125,0.24360416666666668,0.27729166666666666,0,-1,-1,-1,-1,weed,WEED
simple14862,freefrom,weed,1,0.22796875,0.26546875000000003,0.5969791666666667,0.6395625,0,-1,-1,-1,-1,weed,WEED
simple14862,freefrom,weed,1,0.54375,0.569390625,0.5486041666666667,0.5826666666666667,0,-1,-1,-1,-1,weed,WEED
simple14862,freefrom,weed,1,0.47440625000000003,0.49275,0.5181875,0.5546875,0,-1,-1,-1,-1,weed,WEED
simple14862,freefrom,weed,1,0.6151875,0.628625,0.24872916666666667,0.28725,0,-1,-1,-1,-1,weed,WEED
simple14862,freefrom,weed,1,0.339375,0.363875,0.9647083333333334,0.9973541666666667,0,-1,-1,-1,-1,weed,WEED
simple14862,freefrom,weed,1,0.3180625,0.33206250000000004,0.29470833333333335,0.3295416666666667,0,-1,-1,-1,-1,weed,WEED
simple14862,freefrom,weed,1,0.088515625,0.11228125,0.4023125,0.43537499999999996,0,-1,-1,-1,-1,weed,WEED
simple14862,freefrom,weed,1,0.002734375,0.0209375,0.34299999999999997,0.38558333333333333,0,-1,-1,-1,-1,weed,WEED
simple14862,freefrom,weed,1,0.21946875000000002,0.23834375,0.12254166666666667,0.14875000000000002,0,-1,-1,-1,-1,weed,WEED
simple14862,freefrom,weed,1,0.15521875000000002,0.178015625,0.099875,0.13843750000000002,0,-1,-1,-1,-1,weed,WEED
simple14862,freefrom,weed,1,0.420546875,0.43773437499999995,0.038354167,0.0885625,0,-1,-1,-1,-1,weed,WEED
simple14862,freefrom,weed,1,0.606703125,0.621875,0.0379375,0.066083333,0,-1,-1,-1,-1,weed,WEED
simple14862,freefrom,weed,1,0.65334375,0.6602812499999999,0.048333333,0.076333333,0,-1,-1,-1,-1,weed,WEED
simple17202,freefrom,weed,1,0.42523437499999994,0.46164062499999997,0.7640416666666667,0.7919166666666667,0,-1,-1,-1,-1,weed,WEED
simple17202,freefrom,weed,1,0.52459375,0.5493125,0.4451875,0.48060416666666667,0,-1,-1,-1,-1,weed,WEED
simple17202,freefrom,weed,1,0.275984375,0.29431250000000003,0.471625,0.5038750000000001,0,-1,-1,-1,-1,weed,WEED
simple17202,freefrom,weed,1,0.14156249999999998,0.170625,0.3227083333333333,0.3545833333333333,0,-1,-1,-1,-1,weed,WEED
simple17202,freefrom,weed,1,0.058015625,0.089921875,0.2811458333333333,0.3177083333333333,0,-1,-1,-1,-1,weed,WEED
simple17202,freefrom,weed,1,0.4715625,0.4840625,0.4370833333333334,0.4527083333333334,0,-1,-1,-1,-1,weed,WEED
simple17202,freefrom,weed,1,0.333890625,0.346765625,0.2700208333333334,0.28352083333333333,0,-1,-1,-1,-1,weed,WEED
simple17202,freefrom,weed,1,0.5759375,0.59484375,0.2475,0.266875,0,-1,-1,-1,-1,weed,WEED
simple17202,freefrom,weed,1,0.532265625,0.54915625,0.23597916666666666,0.2630625,0,-1,-1,-1,-1,weed,WEED
simple17202,freefrom,weed,1,0.25075,0.26715625,0.13468750000000002,0.1516875,0,-1,-1,-1,-1,weed,WEED
simple17202,freefrom,weed,1,0.42546875,0.43656249999999996,0.097916667,0.116875,0,-1,-1,-1,-1,weed,WEED
simple17202,freefrom,weed,1,0.573203125,0.58646875,0.0965,0.11329166666666667,0,-1,-1,-1,-1,weed,WEED
simple17202,freefrom,weed,1,0.6058749999999999,0.62390625,0.10739583333333333,0.12372916666666667,0,-1,-1,-1,-1,weed,WEED
simple17202,freefrom,weed,1,0.637859375,0.64909375,0.009833333,0.030708333,0,-1,-1,-1,-1,weed,WEED
simple17202,freefrom,weed,1,0.48262499999999997,0.490015625,0.001145833,0.0183125,0,-1,-1,-1,-1,weed,WEED
simple17202,freefrom,weed,1,0.352140625,0.375859375,0.7517708333333334,0.7956875,0,-1,-1,-1,-1,weed,WEED
simple18305,freefrom,weed,1,0.9433906249999999,0.9753125,0.62525,0.67025,0,-1,-1,-1,-1,weed,WEED
simple18305,freefrom,weed,1,0.33115625,0.36135937500000004,0.8369166666666668,0.9270625,0,-1,-1,-1,-1,weed,WEED
simple18305,freefrom,weed,1,0.412546875,0.45218749999999996,0,0.037875,0,-1,-1,-1,-1,weed,WEED
simple18305,freefrom,weed,1,0.7344375000000001,0.791015625,0.5741458333333332,0.6557708333333333,0,-1,-1,-1,-1,weed,WEED
simple18456,freefrom,weed,1,0.84853125,0.882171875,0.20183333333333334,0.2629375,0,-1,-1,-1,-1,weed,WEED
simple18456,freefrom,weed,1,0.444046875,0.48684374999999996,0.4660625,0.5122708333333333,0,-1,-1,-1,-1,weed,WEED
simple18605,freefrom,weed,1,0.5294218749999999,0.582265625,0.032458333,0.098854167,0,-1,-1,-1,-1,weed,WEED
simple18605,freefrom,weed,1,0.8221093749999999,0.87403125,0.8170000000000001,0.860375,0,-1,-1,-1,-1,weed,WEED
simple18605,freefrom,weed,1,0.97353125,1,0.8469583333333334,0.8916666666666667,0,-1,-1,-1,-1,weed,WEED
simple18605,freefrom,weed,1,0.001984375,0.04578125,0.5161875,0.5691666666666666,0,-1,-1,-1,-1,weed,WEED
simple18753,freefrom,weed,1,0.904421875,0.959296875,0.20725000000000002,0.2548125,0,-1,-1,-1,-1,weed,WEED
simple18753,freefrom,weed,1,0.47759375000000004,0.538671875,0.5487083333333334,0.631375,0,-1,-1,-1,-1,weed,WEED
simple18903,freefrom,weed,1,0.603609375,0.6331875,0.028395833333333335,0.097625,0,-1,-1,-1,-1,weed,WEED
simple18903,freefrom,weed,1,0.016203125,0.05390625,0.40520833333333334,0.4592916666666667,0,-1,-1,-1,-1,weed,WEED
simple18903,freefrom,weed,1,0.92678125,0.972515625,0.6557499999999999,0.7304166666666667,0,-1,-1,-1,-1,weed,WEED
simple18903,freefrom,weed,1,0.461328125,0.48073437500000005,0.9525,1,0,-1,-1,-1,-1,weed,WEED
simple19054,freefrom,weed,1,0.51021875,0.548828125,0.7384166666666666,0.7953333333333333,0,-1,-1,-1,-1,weed,WEED
simple19054,freefrom,weed,1,0.07921875,0.12698437499999998,0.10020833333333333,0.15047916666666666,0,-1,-1,-1,-1,weed,WEED
simple19060,freefrom,weed,1,0.8708750000000001,0.900625,0.6037708333333334,0.6418750000000001,0,-1,-1,-1,-1,weed,WEED
simple19060,freefrom,weed,1,0.798296875,0.8196875,0.5827291666666666,0.6073541666666666,0,-1,-1,-1,-1,weed,WEED
simple19060,freefrom,weed,1,0.59446875,0.6270781249999999,0.6625416666666666,0.70725,0,-1,-1,-1,-1,weed,WEED
simple19060,freefrom,weed,1,0.32984375,0.34781249999999997,0.43166666666666664,0.45208333333333334,0,-1,-1,-1,-1,weed,WEED
simple19060,freefrom,weed,1,0.59953125,0.6153125,0.37083333333333335,0.3858333333333333,0,-1,-1,-1,-1,weed,WEED
simple19060,freefrom,weed,1,0.8168593749999999,0.838703125,0.3065625,0.33327083333333335,0,-1,-1,-1,-1,weed,WEED
simple19060,freefrom,weed,1,0.86503125,0.88865625,0.31466666666666665,0.33627083333333335,0,-1,-1,-1,-1,weed,WEED
simple19060,freefrom,weed,1,0.48029687499999996,0.497390625,0.19960416666666667,0.21479166666666666,0,-1,-1,-1,-1,weed,WEED
simple19060,freefrom,weed,1,0.8147500000000001,0.829765625,0.11691666666666665,0.13714583333333333,0,-1,-1,-1,-1,weed,WEED
simple19060,freefrom,weed,1,0.48065625,0.48909375,0,0.0173125,0,-1,-1,-1,-1,weed,WEED
simple19060,freefrom,weed,1,0.17475000000000002,0.209296875,0.8237708333333333,0.9025,0,-1,-1,-1,-1,weed,WEED
simple19060,freefrom,weed,1,0.42140625,0.4375,0.17666666666666667,0.211875,0,-1,-1,-1,-1,weed,WEED
simple19060,freefrom,weed,1,0.292625,0.32829687500000004,0.8549375,0.9092916666666666,0,-1,-1,-1,-1,weed,WEED
simple19205,freefrom,weed,1,0.0774375,0.112984375,0.9312291666666667,0.9923958333333334,0,-1,-1,-1,-1,weed,WEED
simple19205,freefrom,weed,1,0.564734375,0.61775,0.5450833333333333,0.6241458333333333,0,-1,-1,-1,-1,weed,WEED
simple19355,freefrom,weed,1,0.59484375,0.634078125,0.288375,0.36004166666666665,0,-1,-1,-1,-1,weed,WEED
simple19355,freefrom,weed,1,0.0949375,0.14959375,0.7724375,0.8333958333333332,0,-1,-1,-1,-1,weed,WEED
simple19505,freefrom,weed,1,0.64503125,0.70525,0.107,0.16429166666666667,0,-1,-1,-1,-1,weed,WEED
simple19505,freefrom,weed,1,0,0.044656249999999995,0.5498125,0.6265833333333333,0,-1,-1,-1,-1,weed,WEED
simple19505,freefrom,weed,1,0.15142187499999998,0.198953125,0.5619791666666667,0.6337499999999999,0,-1,-1,-1,-1,weed,WEED
simple19505,freefrom,weed,1,0.9668125,1,0.8168541666666667,0.8588958333333333,0,-1,-1,-1,-1,weed,WEED
simple21156,freefrom,weed,1,0.903234375,0.945296875,0.7578541666666666,0.8163541666666667,0,-1,-1,-1,-1,weed,WEED
simple21156,freefrom,weed,1,0.74721875,0.8020468749999999,0.7213541666666666,0.7967708333333333,0,-1,-1,-1,-1,weed,WEED
simple21753,freefrom,weed,1,0.037359375,0.10132812499999999,0.5096666666666666,0.597375,0,-1,-1,-1,-1,weed,WEED
simple21753,freefrom,weed,1,0.7583593750000001,0.82378125,0,0.039083333,0,-1,-1,-1,-1,weed,WEED
simple21753,freefrom,weed,1,0.208890625,0.25178124999999996,0.5181875,0.6057708333333333,0,-1,-1,-1,-1,weed,WEED
simple21906,freefrom,weed,1,0.06290625,0.110453125,0.5984791666666667,0.6849791666666667,0,-1,-1,-1,-1,weed,WEED
simple21906,freefrom,weed,1,0.593953125,0.6627500000000001,0.1215,0.19972916666666668,0,-1,-1,-1,-1,weed,WEED
simple21906,freefrom,weed,1,0.9656874999999999,0.992703125,0.8844166666666666,0.9069375,0,-1,-1,-1,-1,weed,WEED
simple22052,freefrom,weed,1,0.7831718750000001,0.8151093749999999,0,0.0229375,0,-1,-1,-1,-1,weed,WEED
simple22052,freefrom,weed,1,0.250484375,0.31140625,0.3317083333333333,0.4069375,0,-1,-1,-1,-1,weed,WEED
simple22052,freefrom,weed,1,0.917140625,0.94203125,0.007395833,0.054083333,0,-1,-1,-1,-1,weed,WEED
simple22354,freefrom,weed,1,0.490828125,0.516375,0.3722083333333333,0.4135625,0,-1,-1,-1,-1,weed,WEED
simple22354,freefrom,weed,1,0.3530625,0.398765625,0.31758333333333333,0.39166666666666666,0,-1,-1,-1,-1,weed,WEED
simple22653,freefrom,weed,1,0.04740625,0.10487500000000001,0.38193750000000004,0.4781666666666667,0,-1,-1,-1,-1,weed,WEED
simple22653,freefrom,weed,1,0.20159375000000002,0.230796875,0.44277083333333334,0.47085416666666663,0,-1,-1,-1,-1,weed,WEED
simple25155,freefrom,weed,1,0.17340625,0.2098125,0.8187916666666666,0.8807083333333333,0,-1,-1,-1,-1,weed,WEED
simple25155,freefrom,weed,1,0.057437499999999996,0.090375,0.7639375,0.8052916666666667,0,-1,-1,-1,-1,weed,WEED
simple27007,freefrom,weed,1,0.34981249999999997,0.368625,0.3762916666666667,0.41043749999999996,0,-1,-1,-1,-1,weed,WEED
simple27007,freefrom,weed,1,0.09384375,0.10593749999999999,0.027479166666666666,0.050770833333333334,0,-1,-1,-1,-1,weed,WEED
simple27007,freefrom,weed,1,0.07503125,0.110640625,0.5823333333333333,0.6155625,0,-1,-1,-1,-1,weed,WEED
simple27007,freefrom,weed,1,0.43379687499999997,0.46470312500000005,0.39520833333333333,0.47225,0,-1,-1,-1,-1,weed,WEED
simple27158,freefrom,weed,1,0.19259375,0.21946875000000002,0.0565,0.081666667,0,-1,-1,-1,-1,weed,WEED
simple27158,freefrom,weed,1,0.45260937500000004,0.476125,0.40147916666666666,0.44447916666666665,0,-1,-1,-1,-1,weed,WEED
simple27158,freefrom,weed,1,0.190578125,0.2154375,0.6136874999999999,0.6478125,0,-1,-1,-1,-1,weed,WEED
simple27158,freefrom,weed,1,0.5353125000000001,0.5689062500000001,0.4192916666666667,0.49464583333333334,0,-1,-1,-1,-1,weed,WEED
simple27165_0,freefrom,weed,1,0.732625,0.7628125,0.7712291666666666,0.8200208333333333,0,-1,-1,-1,-1,weed,WEED
simple27165_0,freefrom,weed,1,0.66328125,0.697125,0.7602708333333333,0.7920208333333334,0,-1,-1,-1,-1,weed,WEED
simple27165_1,freefrom,weed,1,0.296875,0.3096875,0.6735416666666667,0.696875,0,-1,-1,-1,-1,weed,WEED
simple27165_2,freefrom,weed,1,0.21345312500000002,0.25460937499999997,0.8563958333333334,0.9147916666666667,0,-1,-1,-1,-1,weed,WEED
simple27165_2,freefrom,weed,1,0.6751406249999999,0.7098125,0.6848541666666667,0.7529791666666666,0,-1,-1,-1,-1,weed,WEED
simple27165_2,freefrom,weed,1,0.446125,0.46264062499999997,0.20310416666666667,0.22997916666666668,0,-1,-1,-1,-1,weed,WEED
simple27165_2,freefrom,weed,1,0.9237500000000001,0.9403124999999999,0.10041666666666667,0.125625,0,-1,-1,-1,-1,weed,WEED
simple27165_2,freefrom,weed,1,0.04375,0.10496875000000001,0.8028541666666666,0.86125,0,-1,-1,-1,-1,weed,WEED
simple27165_2,freefrom,weed,1,0.56746875,0.58115625,0.24933333333333335,0.274875,0,-1,-1,-1,-1,weed,WEED
simple27165_3,freefrom,weed,1,0.318015625,0.329828125,0.0321875,0.052333333333333336,0,-1,-1,-1,-1,weed,WEED
simple27165_3,freefrom,weed,1,0.15415625,0.1824375,0.489,0.5365625,0,-1,-1,-1,-1,weed,WEED
simple27165_3,freefrom,weed,1,0.21171875,0.2435625,0,0.0230625,0,-1,-1,-1,-1,weed,WEED
simple27165_3,freefrom,weed,1,0.25451562499999997,0.29375,0.5060208333333333,0.5546875,0,-1,-1,-1,-1,weed,WEED
simple27306,freefrom,weed,1,0.28553125,0.30296875,0.094833333,0.12414583333333334,0,-1,-1,-1,-1,weed,WEED
simple27306,freefrom,weed,1,0.04375,0.063828125,0.3503125,0.36625,0,-1,-1,-1,-1,weed,WEED
simple27306,freefrom,weed,1,0.526421875,0.551140625,0.4366875,0.48181250000000003,0,-1,-1,-1,-1,weed,WEED
simple27306,freefrom,weed,1,0.607625,0.644109375,0.45249999999999996,0.5329166666666667,0,-1,-1,-1,-1,weed,WEED
simple27306,freefrom,weed,1,0.27003125,0.2993125,0.6447083333333333,0.6860625,0,-1,-1,-1,-1,weed,WEED
simple27459_0,freefrom,weed,1,0.9232812499999999,0.93453125,0.52375,0.5445833333333333,0,-1,-1,-1,-1,weed,WEED
simple27459_0,freefrom,weed,1,0.72265625,0.7368750000000001,0.309375,0.33041666666666664,0,-1,-1,-1,-1,weed,WEED
simple27459_0,freefrom,weed,1,0.7800625,0.796578125,0.3028541666666667,0.35760416666666667,0,-1,-1,-1,-1,weed,WEED
simple27459_0,freefrom,weed,1,0.571125,0.586640625,0.5498125,0.575375,0,-1,-1,-1,-1,weed,WEED
simple27459_0,freefrom,weed,1,0.329328125,0.354875,0.8393541666666666,0.8771875,0,-1,-1,-1,-1,weed,WEED
simple27459_0,freefrom,weed,1,0.44703125000000005,0.47440625000000003,0.8770625,0.916,0,-1,-1,-1,-1,weed,WEED
simple27459_0,freefrom,weed,1,0.750859375,0.773671875,0.8211041666666666,0.8504166666666666,0,-1,-1,-1,-1,weed,WEED
simple27459_1,freefrom,weed,1,0.224953125,0.234953125,0.26585416666666667,0.29210416666666666,0,-1,-1,-1,-1,weed,WEED
simple27459_1,freefrom,weed,1,0.16375,0.17796875,0.750625,0.7854166666666667,0,-1,-1,-1,-1,weed,WEED
simple27459_1,freefrom,weed,1,0.090625,0.10609375000000001,0.751875,0.7747916666666667,0,-1,-1,-1,-1,weed,WEED
simple27459_1,freefrom,weed,1,0.1463125,0.16365625,0.4589166666666667,0.48056249999999995,0,-1,-1,-1,-1,weed,WEED
simple27459_2,freefrom,weed,1,0.8959374999999999,0.93334375,0.6519999999999999,0.706875,0,-1,-1,-1,-1,weed,WEED
simple27459_2,freefrom,weed,1,0.616828125,0.65515625,0.10943750000000001,0.1728125,0,-1,-1,-1,-1,weed,WEED
simple27459_2,freefrom,weed,1,0.33581249999999996,0.387734375,0.7822916666666667,0.8515208333333334,0,-1,-1,-1,-1,weed,WEED
simple27459_2,freefrom,weed,1,0.912359375,0.95078125,0.081458333,0.13133333333333333,0,-1,-1,-1,-1,weed,WEED
simple27459_2,freefrom,weed,1,0.176046875,0.22084375,0.29433333333333334,0.3735416666666667,0,-1,-1,-1,-1,weed,WEED
simple27459_2,freefrom,weed,1,0.01546875,0.079328125,0.288375,0.33691666666666664,0,-1,-1,-1,-1,weed,WEED
simple27459_2,freefrom,weed,1,0.753703125,0.80015625,0.5863125,0.6593125000000001,0,-1,-1,-1,-1,weed,WEED
simple27459_3,freefrom,weed,1,0.0391875,0.060171875,0.13497916666666668,0.157,0,-1,-1,-1,-1,weed,WEED
simple27607,freefrom,weed,1,0,0.014781250000000001,0.9266041666666667,0.9746666666666666,0,-1,-1,-1,-1,weed,WEED
simple27607,freefrom,weed,1,0.091203125,0.148671875,0.36125,0.3880208333333333,0,-1,-1,-1,-1,weed,WEED
simple27607,freefrom,weed,1,0.008171875,0.054796875,0.32354166666666667,0.36745833333333333,0,-1,-1,-1,-1,weed,WEED
simple27607,freefrom,weed,1,0.384984375,0.40242187500000004,0.1228125,0.15212499999999998,0,-1,-1,-1,-1,weed,WEED
simple27607,freefrom,weed,1,0.366828125,0.40515625,0.67025,0.720125,0,-1,-1,-1,-1,weed,WEED
simple27607,freefrom,weed,1,0.70921875,0.740625,0.48083333333333333,0.5383333333333333,0,-1,-1,-1,-1,weed,WEED
simple27607,freefrom,weed,1,0.092109375,0.1159375,0.9172083333333333,0.9877083333333334,0,-1,-1,-1,-1,weed,WEED
simple27607,freefrom,weed,1,0.625859375,0.6496875,0.45979166666666665,0.502375,0,-1,-1,-1,-1,weed,WEED
simple27610_0,freefrom,weed,1,0.5709531250000001,0.582625,0.2983333333333333,0.31077083333333333,0,-1,-1,-1,-1,weed,WEED
simple27610_0,freefrom,weed,1,0.978265625,0.996921875,0.7443541666666668,0.7673749999999999,0,-1,-1,-1,-1,weed,WEED
simple27610_0,freefrom,weed,1,0.7267812499999999,0.746390625,0.5029791666666666,0.5309791666666667,0,-1,-1,-1,-1,weed,WEED
simple27610_0,freefrom,weed,1,0.8695468749999999,0.896609375,0.6989375,0.738125,0,-1,-1,-1,-1,weed,WEED
simple27610_0,freefrom,weed,1,0.6116406249999999,0.643359375,0.6979375,0.7533124999999999,0,-1,-1,-1,-1,weed,WEED
simple27610_0,freefrom,weed,1,0.107578125,0.168390625,0.7943333333333332,0.846875,0,-1,-1,-1,-1,weed,WEED
simple27610_0,freefrom,weed,1,0.24034375,0.286625,0.8272083333333333,0.8724166666666666,0,-1,-1,-1,-1,weed,WEED
simple27610_0,freefrom,weed,1,0.8834687499999999,0.899609375,0.27283333333333337,0.2969583333333333,0,-1,-1,-1,-1,weed,WEED
simple27610_0,freefrom,weed,1,0.46410937499999994,0.48884375,0.525375,0.5633333333333332,0,-1,-1,-1,-1,weed,WEED
simple27610_0,freefrom,weed,1,0.7066250000000001,0.720796875,0.10160416666666668,0.11789583333333334,0,-1,-1,-1,-1,weed,WEED
simple27610_0,freefrom,weed,1,0.357734375,0.38578125,0.4917916666666667,0.5216458333333333,0,-1,-1,-1,-1,weed,WEED
simple27610_1,freefrom,weed,1,0.086640625,0.10306249999999999,0.4646666666666667,0.4962916666666667,0,-1,-1,-1,-1,weed,WEED
simple27610_1,freefrom,weed,1,0.0309375,0.043125000000000004,0.4625,0.4829166666666667,0,-1,-1,-1,-1,weed,WEED
simple27610_1,freefrom,weed,1,0.0815625,0.096875,0.23354166666666665,0.2672916666666667,0,-1,-1,-1,-1,weed,WEED
simple27610_1,freefrom,weed,1,0.15871875,0.169359375,0.087333333,0.11145833333333334,0,-1,-1,-1,-1,weed,WEED
simple27610_2,freefrom,weed,1,0.7253125,0.768203125,0.038875,0.094958333,0,-1,-1,-1,-1,weed,WEED
simple27610_2,freefrom,weed,1,0.0483125,0.12221875,0.6617291666666667,0.7555416666666667,0,-1,-1,-1,-1,weed,WEED
simple27610_2,freefrom,weed,1,0.845765625,0.874046875,0.094833333,0.13862500000000003,0,-1,-1,-1,-1,weed,WEED
simple27610_2,freefrom,weed,1,0.555609375,0.601234375,0.5352291666666668,0.6057708333333333,0,-1,-1,-1,-1,weed,WEED
simple27610_2,freefrom,weed,1,0.66053125,0.6833437499999999,0.5972708333333333,0.6277916666666666,0,-1,-1,-1,-1,weed,WEED
simple27610_2,freefrom,weed,1,0.3814375,0.42240625,0.1545625,0.20066666666666666,0,-1,-1,-1,-1,weed,WEED
simple27906,freefrom,weed,1,0.087546875,0.1459375,0.2894791666666666,0.30529166666666663,0,-1,-1,-1,-1,weed,WEED
simple27906,freefrom,weed,1,0.005421875,0.057437499999999996,0.24933333333333335,0.298,0,-1,-1,-1,-1,weed,WEED
simple27906,freefrom,weed,1,0.37039062500000003,0.40425000000000005,0.58875,0.6337499999999999,0,-1,-1,-1,-1,weed,WEED
simple27906,freefrom,weed,1,0.37312500000000004,0.397765625,0.044958333,0.077791667,0,-1,-1,-1,-1,weed,WEED
simple27906,freefrom,weed,1,0.61309375,0.641375,0.39410416666666664,0.43070833333333336,0,-1,-1,-1,-1,weed,WEED
simple27906,freefrom,weed,1,0.6879062499999999,0.730796875,0.411125,0.4891041666666667,0,-1,-1,-1,-1,weed,WEED
simple27906,freefrom,weed,1,0.08478125,0.1005625,0.8674166666666667,0.8992916666666667,0,-1,-1,-1,-1,weed,WEED
simple27906,freefrom,weed,1,0,0.01546875,0.8459583333333334,0.887,0,-1,-1,-1,-1,weed,WEED
simple27906,freefrom,weed,1,0.54,0.549015625,0.9775208333333333,1,0,-1,-1,-1,-1,weed,WEED
simple28809,freefrom,weed,1,0.16784375,0.217203125,0.6337499999999999,0.6788958333333334,0,-1,-1,-1,-1,weed,WEED
simple28809,freefrom,weed,1,0.440640625,0.46810937499999994,0.4281666666666667,0.4781666666666667,0,-1,-1,-1,-1,weed,WEED
simple28809,freefrom,weed,1,0.18609375,0.212640625,0.0863125,0.11185416666666666,0,-1,-1,-1,-1,weed,WEED
simple28809,freefrom,weed,1,0.517296875,0.552046875,0.4464166666666667,0.5218333333333333,0,-1,-1,-1,-1,weed,WEED
simple30903,freefrom,weed,1,0.486265625,0.51190625,0.1228125,0.19470833333333332,0,-1,-1,-1,-1,weed,WEED
simple30903,freefrom,weed,1,0.898671875,0.9270468749999999,0.023125,0.0546875,0,-1,-1,-1,-1,weed,WEED
simple30903,freefrom,weed,1,0.8256875000000001,0.852140625,0,0.037770833,0,-1,-1,-1,-1,weed,WEED
simple30903,freefrom,weed,1,0.1824375,0.215375,0.44885416666666667,0.49033333333333334,0,-1,-1,-1,-1,weed,WEED
simple30903,freefrom,weed,1,0.389546875,0.40698437500000006,0.8515208333333334,0.9027291666666667,0,-1,-1,-1,-1,weed,WEED
simple30903,freefrom,weed,1,0.7371875,0.777421875,0.6264583333333333,0.6897291666666666,0,-1,-1,-1,-1,weed,WEED
simple30903,freefrom,weed,1,0.83946875,0.8585312500000001,0.6629583333333334,0.6971458333333334,0,-1,-1,-1,-1,weed,WEED
simple30903,freefrom,weed,1,0.08115625,0.124953125,0.4366875,0.4938541666666667,0,-1,-1,-1,-1,weed,WEED
simple35096,freefrom,weed,1,0.8165625000000001,0.8613593749999999,0.29433333333333334,0.35272916666666665,0,-1,-1,-1,-1,weed,WEED
simple35096,freefrom,weed,1,0.1496875,0.199859375,0.7785208333333333,0.8443333333333333,0,-1,-1,-1,-1,weed,WEED
simple35096,freefrom,weed,1,0,0.0401875,0.8296250000000001,0.8885416666666667,0,-1,-1,-1,-1,weed,WEED
simple35096,freefrom,weed,1,0.534625,0.57303125,0.434375,0.48181250000000003,0,-1,-1,-1,-1,weed,WEED
simple35096,freefrom,weed,1,0.266375,0.300234375,0.0364375,0.099791667,0,-1,-1,-1,-1,weed,WEED
simple35096,freefrom,weed,1,0.134078125,0.15515625,0,0.042645833333333334,0,-1,-1,-1,-1,weed,WEED
simple35096,freefrom,weed,1,0.9434687500000001,0.980796875,0.3406875,0.39775,0,-1,-1,-1,-1,weed,WEED
simple35111_0,freefrom,weed,1,0.5428437500000001,0.5876406249999999,0.81625,0.8759791666666668,0,-1,-1,-1,-1,weed,WEED
simple35111_0,freefrom,weed,1,0.653234375,0.68796875,0.8296250000000001,0.8635416666666667,0,-1,-1,-1,-1,weed,WEED
simple35111_0,freefrom,weed,1,0.9379687499999999,0.9690156249999999,0.6191666666666666,0.6728124999999999,0,-1,-1,-1,-1,weed,WEED
simple35111_0,freefrom,weed,1,0.610359375,0.643203125,0.41479166666666667,0.465875,0,-1,-1,-1,-1,weed,WEED
simple35111_0,freefrom,weed,1,0.703421875,0.731703125,0.45249999999999996,0.49033333333333334,0,-1,-1,-1,-1,weed,WEED
simple35111_0,freefrom,weed,1,0.971671875,0.998171875,0.36125,0.4003125,0,-1,-1,-1,-1,weed,WEED
simple35111_0,freefrom,weed,1,0.6833437499999999,0.708125,0.1678125,0.220125,0,-1,-1,-1,-1,weed,WEED
simple35111_0,freefrom,weed,1,0.773671875,0.8065312499999999,0.17997916666666666,0.22135416666666666,0,-1,-1,-1,-1,weed,WEED
simple35111_1,freefrom,weed,1,0.24709374999999997,0.267484375,0.056937499999999995,0.078125,0,-1,-1,-1,-1,weed,WEED
simple35111_1,freefrom,weed,1,0.157015625,0.18753124999999998,0.038916667,0.072104167,0,-1,-1,-1,-1,weed,WEED
simple35111_1,freefrom,weed,1,0.000484375,0.017484375,0.052437500000000005,0.10514583333333333,0,-1,-1,-1,-1,weed,WEED
simple35111_1,freefrom,weed,1,0.25,0.26859375,0.2783333333333333,0.32,0,-1,-1,-1,-1,weed,WEED
simple35111_1,freefrom,weed,1,0.155984375,0.18609375,0.2725,0.30529166666666663,0,-1,-1,-1,-1,weed,WEED
simple35111_1,freefrom,weed,1,0.25725,0.27742187500000004,0.565625,0.5851041666666668,0,-1,-1,-1,-1,weed,WEED
simple35111_1,freefrom,weed,1,0.18426562500000002,0.218109375,0.5400833333333334,0.5851041666666668,0,-1,-1,-1,-1,weed,WEED
simple35111_1,freefrom,weed,1,0.288546875,0.314203125,0.89925,0.9395,0,-1,-1,-1,-1,weed,WEED
simple35111_1,freefrom,weed,1,0.20950000000000002,0.24096875,0.892625,0.9508125,0,-1,-1,-1,-1,weed,WEED
simple35111_2,freefrom,weed,1,0.880421875,0.903328125,0.093604167,0.13254166666666667,0,-1,-1,-1,-1,weed,WEED
simple35111_2,freefrom,weed,1,0.565640625,0.583890625,0.37585416666666666,0.4051666666666666,0,-1,-1,-1,-1,weed,WEED
simple35111_2,freefrom,weed,1,0.42421875,0.479875,0.3138125,0.38193750000000004,0,-1,-1,-1,-1,weed,WEED
simple35111_2,freefrom,weed,1,0.9169218750000001,0.95159375,0.6009166666666667,0.66175,0,-1,-1,-1,-1,weed,WEED
simple35111_3,freefrom,weed,1,0.196125,0.240921875,0.38679166666666664,0.43314583333333334,0,-1,-1,-1,-1,weed,WEED
simple35111_3,freefrom,weed,1,0.3074375,0.35853125,0.39287500000000003,0.4670833333333333,0,-1,-1,-1,-1,weed,WEED
simple35180,freefrom,weed,1,0.46984375,0.504609375,0.34312499999999996,0.3965416666666667,0,-1,-1,-1,-1,weed,WEED
simple35180,freefrom,weed,1,0.7654687499999999,0.8065312499999999,0.22379166666666667,0.2640416666666667,0,-1,-1,-1,-1,weed,WEED
simple35180,freefrom,weed,1,0.9169218750000001,0.9380000000000001,0.26527083333333334,0.29312499999999997,0,-1,-1,-1,-1,weed,WEED
simple35180,freefrom,weed,1,0.647234375,0.6711406249999999,0.9688958333333333,0.9826458333333333,0,-1,-1,-1,-1,weed,WEED
simple35180,freefrom,weed,1,0.064734375,0.11775,0.6970208333333333,0.7628333333333334,0,-1,-1,-1,-1,weed,WEED
simple35502,freefrom,weed,1,0.7180156249999999,0.7637343750000001,0.40018750000000003,0.465875,0,-1,-1,-1,-1,weed,WEED
simple35502,freefrom,weed,1,0.6314375,0.65971875,0.3954375,0.44885416666666667,0,-1,-1,-1,-1,weed,WEED
simple35502,freefrom,weed,1,0.212640625,0.249953125,0.71175,0.7835208333333333,0,-1,-1,-1,-1,weed,WEED
simple35502,freefrom,weed,1,0.044765624999999996,0.053953125000000005,0.163375,0.200125,0,-1,-1,-1,-1,weed,WEED
simple35561_0,freefrom,weed,1,0.6490625,0.68415625,0.7385416666666667,0.7913333333333333,0,-1,-1,-1,-1,weed,WEED
simple35561_0,freefrom,weed,1,0.71609375,0.73953125,0.461875,0.4847916666666666,0,-1,-1,-1,-1,weed,WEED
simple35561_0,freefrom,weed,1,0.8045312499999999,0.8305468749999999,0.4698541666666667,0.5090416666666667,0,-1,-1,-1,-1,weed,WEED
simple35561_0,freefrom,weed,1,0.795578125,0.8110937500000001,0.2627083333333333,0.274875,0,-1,-1,-1,-1,weed,WEED
simple35561_0,freefrom,weed,1,0.8356406249999999,0.8470625,0.083,0.093833333,0,-1,-1,-1,-1,weed,WEED
simple35561_0,freefrom,weed,1,0.7516093749999999,0.793390625,0.744625,0.7913333333333333,0,-1,-1,-1,-1,weed,WEED
simple35561_1,freefrom,weed,1,0.199765625,0.22349999999999998,0.55225,0.5826666666666667,0,-1,-1,-1,-1,weed,WEED
simple35561_1,freefrom,weed,1,0.00634375,0.0338125,0.5875208333333333,0.638625,0,-1,-1,-1,-1,weed,WEED
simple35561_1,freefrom,weed,1,0.195203125,0.240015625,0.8296250000000001,0.8880208333333334,0,-1,-1,-1,-1,weed,WEED
simple35561_1,freefrom,weed,1,0.30834375,0.33571875,0.86375,0.9039583333333333,0,-1,-1,-1,-1,weed,WEED
simple35561_1,freefrom,weed,1,0.29009375,0.3175625,0.5716666666666667,0.5998125000000001,0,-1,-1,-1,-1,weed,WEED
simple35561_1,freefrom,weed,1,0.2280625,0.24539062500000003,0.3405625,0.35760416666666667,0,-1,-1,-1,-1,weed,WEED
simple35561_1,freefrom,weed,1,0.010906250000000001,0.030156250000000002,0.4135625,0.4366875,0,-1,-1,-1,-1,weed,WEED
simple35561_1,freefrom,weed,1,0.284625,0.30296875,0.33570833333333333,0.3588125,0,-1,-1,-1,-1,weed,WEED
simple35561_1,freefrom,weed,1,0.251609375,0.271984375,0.1545416666666667,0.17120833333333335,0,-1,-1,-1,-1,weed,WEED
simple35561_1,freefrom,weed,1,0.199796875,0.2168125,0.13952083333333334,0.16970833333333332,0,-1,-1,-1,-1,weed,WEED
simple35561_2,freefrom,weed,1,0.9588906250000001,1,0.38679166666666664,0.44775,0,-1,-1,-1,-1,weed,WEED
simple35561_2,freefrom,weed,1,0.41784375,0.471765625,0.7505416666666667,0.8406874999999999,0,-1,-1,-1,-1,weed,WEED
simple35561_2,freefrom,weed,1,0.570203125,0.6168750000000001,0.7554166666666667,0.8101666666666667,0,-1,-1,-1,-1,weed,WEED
simple35561_2,freefrom,weed,1,0.54465625,0.57303125,0.094833333,0.1496875,0,-1,-1,-1,-1,weed,WEED
simple35561_2,freefrom,weed,1,0.65415625,0.690640625,0.12645833333333334,0.16904166666666667,0,-1,-1,-1,-1,weed,WEED
simple35561_3,freefrom,weed,1,0.44165625000000003,0.4844375,0.8198958333333334,0.8807083333333333,0,-1,-1,-1,-1,weed,WEED
simple35561_3,freefrom,weed,1,0.35031249999999997,0.37870312500000003,0.2615,0.29920833333333335,0,-1,-1,-1,-1,weed,WEED
simple35561_3,freefrom,weed,1,0.262734375,0.302046875,0.23108333333333334,0.2773125,0,-1,-1,-1,-1,weed,WEED
simple35561_3,freefrom,weed,1,0.325625,0.374953125,0.8235416666666667,0.9184375,0,-1,-1,-1,-1,weed,WEED
simple35659,freefrom,weed,1,0.7134375000000001,0.746296875,0.7286458333333333,0.7712291666666666,0,-1,-1,-1,-1,weed,WEED
simple35659,freefrom,weed,1,0.3621875,0.386,0.15566666666666668,0.20079166666666665,0,-1,-1,-1,-1,weed,WEED
simple35659,freefrom,weed,1,0.604875,0.6378125,0.70675,0.7555416666666667,0,-1,-1,-1,-1,weed,WEED
simple36004,freefrom,weed,1,0,0.04375,0.6398333333333334,0.7129166666666666,0,-1,-1,-1,-1,weed,WEED
simple36004,freefrom,weed,1,0.92421875,0.95159375,0.2529791666666667,0.2967708333333333,0,-1,-1,-1,-1,weed,WEED
simple36004,freefrom,weed,1,0.803515625,0.833921875,0.9535,0.9865208333333333,0,-1,-1,-1,-1,weed,WEED
simple36004,freefrom,weed,1,0.088453125,0.135078125,0.7262083333333333,0.7956875,0,-1,-1,-1,-1,weed,WEED
simple36004,freefrom,weed,1,0.8403750000000001,0.8621874999999999,0.193375,0.23364583333333336,0,-1,-1,-1,-1,weed,WEED
simple36609_0,freefrom,weed,1,0.7189375,0.741828125,0.9245208333333333,0.947625,0,-1,-1,-1,-1,weed,WEED
simple36609_0,freefrom,weed,1,0.861265625,0.8904687499999999,0.5680625,0.6264583333333333,0,-1,-1,-1,-1,weed,WEED
simple36609_0,freefrom,weed,1,0.791015625,0.8175625,0.5814583333333334,0.6094375,0,-1,-1,-1,-1,weed,WEED
simple36609_0,freefrom,weed,1,0.8394375000000001,0.855328125,0.9383333333333332,0.9625,0,-1,-1,-1,-1,weed,WEED
simple36609_1,freefrom,weed,1,0.083890625,0.10487500000000001,0.7906875,0.8175833333333333,0,-1,-1,-1,-1,weed,WEED
simple36609_1,freefrom,weed,1,0.287359375,0.314828125,0.6788958333333334,0.7189166666666666,0,-1,-1,-1,-1,weed,WEED
simple36609_1,freefrom,weed,1,0.337296875,0.355328125,0.48352083333333334,0.5015416666666667,0,-1,-1,-1,-1,weed,WEED
simple36609_1,freefrom,weed,1,0.3519375,0.37896874999999997,0.6997291666666666,0.7282708333333333,0,-1,-1,-1,-1,weed,WEED
simple36609_2,freefrom,weed,1,0.565796875,0.613203125,0.37075,0.4204583333333333,0,-1,-1,-1,-1,weed,WEED
simple36609_2,freefrom,weed,1,0.7133125,0.75509375,0.3872708333333333,0.44747916666666665,0,-1,-1,-1,-1,weed,WEED
simple36609_3,freefrom,weed,1,0.477953125,0.518609375,0.5614583333333333,0.6006458333333333,0,-1,-1,-1,-1,weed,WEED
simple36609_3,freefrom,weed,1,0.418265625,0.45329687500000004,0.034416666666666665,0.073604167,0,-1,-1,-1,-1,weed,WEED
simple36609_3,freefrom,weed,1,0.342828125,0.36657812500000003,0.038916667,0.075104167,0,-1,-1,-1,-1,weed,WEED
simple36609_3,freefrom,weed,1,0.020749999999999998,0.051265625,0.6380208333333334,0.7372708333333333,0,-1,-1,-1,-1,weed,WEED
simple36609_3,freefrom,weed,1,0.325921875,0.36657812500000003,0.5178958333333333,0.581125,0,-1,-1,-1,-1,weed,WEED
simple36609_3,freefrom,weed,1,0.02975,0.06478125,0.228125,0.26129166666666664,0,-1,-1,-1,-1,weed,WEED
simple37362_0,freefrom,weed,1,0.7121875,0.75059375,0.6305208333333333,0.6757083333333332,0,-1,-1,-1,-1,weed,WEED
simple37362_0,freefrom,weed,1,0.7966562500000001,0.837296875,0.6320208333333334,0.6877291666666667,0,-1,-1,-1,-1,weed,WEED
simple37362_1,freefrom,weed,1,0.41500000000000004,0.43753125,0.44433333333333336,0.47,0,-1,-1,-1,-1,weed,WEED
simple37362_1,freefrom,weed,1,0.42843749999999997,0.451046875,0.7896666666666667,0.837875,0,-1,-1,-1,-1,weed,WEED
simple37362_1,freefrom,weed,1,0.33125,0.3540625,0.423125,0.4395833333333333,0,-1,-1,-1,-1,weed,WEED
simple37362_1,freefrom,weed,1,0.327046875,0.359828125,0.7731666666666667,0.8213541666666667,0,-1,-1,-1,-1,weed,WEED
simple37362_2,freefrom,weed,1,0.980796875,1,0.6764583333333333,0.7652708333333333,0,-1,-1,-1,-1,weed,WEED
simple37362_2,freefrom,weed,1,0.7526875000000001,0.7765,0.225,0.2628333333333333,0,-1,-1,-1,-1,weed,WEED
simple37362_2,freefrom,weed,1,0.588453125,0.6276875000000001,0.175125,0.23241666666666666,0,-1,-1,-1,-1,weed,WEED
simple37362_3,freefrom,weed,1,0.393203125,0.41965624999999995,0.34908333333333336,0.39166666666666666,0,-1,-1,-1,-1,weed,WEED
simple37362_3,freefrom,weed,1,0.4844375,0.52559375,0.34179166666666666,0.38679166666666664,0,-1,-1,-1,-1,weed,WEED
simple37804,freefrom,weed,1,0.051046875000000005,0.09403125,0.05225,0.12293749999999999,0,-1,-1,-1,-1,weed,WEED
simple37804,freefrom,weed,1,0.427046875,0.439734375,0.6472708333333334,0.6860625,0,-1,-1,-1,-1,weed,WEED
simple37804,freefrom,weed,1,0.84940625,0.87953125,0.3735416666666667,0.40395833333333336,0,-1,-1,-1,-1,weed,WEED
simple37804,freefrom,weed,1,0.761,0.7901875,0.4062708333333333,0.4391041666666667,0,-1,-1,-1,-1,weed,WEED
simple37804,freefrom,weed,1,0.13859375000000002,0.18882812499999999,0.11552083333333334,0.1825,0,-1,-1,-1,-1,weed,WEED
simple37964_1,freefrom,weed,1,0.5475,0.5756249999999999,0.9160416666666666,0.96375,0,-1,-1,-1,-1,weed,WEED
simple37964_2,freefrom,weed,1,0.7133125,0.762984375,0.25514583333333335,0.32735416666666667,0,-1,-1,-1,-1,weed,WEED
simple37964_2,freefrom,weed,1,0.825921875,0.8541874999999999,0.24914583333333334,0.33787500000000004,0,-1,-1,-1,-1,weed,WEED
simple37964_3,freefrom,weed,1,0.50959375,0.5377500000000001,0.41731250000000003,0.46849999999999997,0,-1,-1,-1,-1,weed,WEED
simple37964_3,freefrom,weed,1,0.608703125,0.639109375,0.42795833333333333,0.48652083333333335,0,-1,-1,-1,-1,weed,WEED
simple37964_3,freefrom,weed,1,0.18515625,0.211171875,0.737125,0.7943333333333332,0,-1,-1,-1,-1,weed,WEED
simple38253,freefrom,weed,1,0.654875,0.69421875,0.48502083333333335,0.5225625,0,-1,-1,-1,-1,weed,WEED
simple38253,freefrom,weed,1,0.5625312499999999,0.587296875,0.4535,0.5165624999999999,0,-1,-1,-1,-1,weed,WEED
simple38253,freefrom,weed,1,0.13009375,0.171765625,0.7703125,0.830375,0,-1,-1,-1,-1,weed,WEED
simple38403,freefrom,weed,1,0.119953125,0.15035937500000002,0.452,0.5225625,0,-1,-1,-1,-1,weed,WEED
simple38403,freefrom,weed,1,0.36320312499999996,0.38571875,0.90875,1,0,-1,-1,-1,-1,weed,WEED
simple38403,freefrom,weed,1,0.51071875,0.5253593750000001,0.9685,1,0,-1,-1,-1,-1,weed,WEED
simple38403,freefrom,weed,1,0.643609375,0.68640625,0.17720833333333333,0.2267708333333333,0,-1,-1,-1,-1,weed,WEED
simple38403,freefrom,weed,1,0.5445156250000001,0.57040625,0.16370833333333332,0.22377083333333334,0,-1,-1,-1,-1,weed,WEED
simple38553,freefrom,weed,1,0.36657812500000003,0.393609375,0.6441874999999999,0.6832291666666667,0,-1,-1,-1,-1,weed,WEED
simple38553,freefrom,weed,1,0,0.052968749999999995,0.7829166666666667,0.8573958333333334,0,-1,-1,-1,-1,weed,WEED
simple38553,freefrom,weed,1,0.11309374999999999,0.15035937500000002,0.1725625,0.2267708333333333,0,-1,-1,-1,-1,weed,WEED
simple38553,freefrom,weed,1,0.49609375,0.51859375,0.6697083333333332,0.70125,0,-1,-1,-1,-1,weed,WEED
simple38703,freefrom,weed,1,0.3304375,0.36320312499999996,0.2851666666666667,0.33337500000000003,0,-1,-1,-1,-1,weed,WEED
simple38703,freefrom,weed,1,0.46546875,0.48820312499999996,0.32541666666666663,0.36339583333333336,0,-1,-1,-1,-1,weed,WEED
simple38703,freefrom,weed,1,0.216203125,0.24140625,0.9810625000000001,1,0,-1,-1,-1,-1,weed,WEED
simple38703,freefrom,weed,1,0.001609375,0.03775,0.4203125,0.455,0,-1,-1,-1,-1,weed,WEED
simple38886,freefrom,weed,1,0.360453125,0.386,0.67525,0.7129583333333334,0,-1,-1,-1,-1,weed,WEED
simple38886,freefrom,weed,1,0.229875,0.26640625,0.6325416666666667,0.6739583333333333,0,-1,-1,-1,-1,weed,WEED
simple38886,freefrom,weed,1,0.00725,0.041015625,0.063208333,0.11064583333333333,0,-1,-1,-1,-1,weed,WEED
simple39005,freefrom,weed,1,0.12678125,0.17340625,0.8953125,0.9611249999999999,0,-1,-1,-1,-1,weed,WEED
simple39005,freefrom,weed,1,0.203421875,0.2381875,0.19458333333333336,0.25795833333333335,0,-1,-1,-1,-1,weed,WEED
simple39005,freefrom,weed,1,0.341203125,0.37221875,0.2456875,0.298,0,-1,-1,-1,-1,weed,WEED
simple39151,freefrom,weed,1,0.20525000000000002,0.2381875,0.49141666666666667,0.5267083333333333,0,-1,-1,-1,-1,weed,WEED
simple39151,freefrom,weed,1,0.0985,0.148671875,0.4439791666666667,0.5097916666666666,0,-1,-1,-1,-1,weed,WEED
simple41110_0,freefrom,weed,1,0.687,0.72084375,0.8393541666666666,0.8796250000000001,0,-1,-1,-1,-1,weed,WEED
simple41110_0,freefrom,weed,1,0.7444843750000001,0.772765625,0.5996875,0.6337499999999999,0,-1,-1,-1,-1,weed,WEED
simple41110_0,freefrom,weed,1,0.767296875,0.79465625,0.8636874999999999,0.8880208333333334,0,-1,-1,-1,-1,weed,WEED
simple41110_0,freefrom,weed,1,0.829328125,0.8440312499999999,0.6021249999999999,0.6374166666666666,0,-1,-1,-1,-1,weed,WEED
simple41110_0,freefrom,weed,1,0.8512968750000001,0.860625,0.2305,0.2569375,0,-1,-1,-1,-1,weed,WEED
simple41110_0,freefrom,weed,1,0.7959375,0.8125,0.40687500000000004,0.42583333333333334,0,-1,-1,-1,-1,weed,WEED
simple41110_0,freefrom,weed,1,0.86075,0.878109375,0.420875,0.4406666666666667,0,-1,-1,-1,-1,weed,WEED
simple41110_1,freefrom,weed,1,0.232625,0.25734375,0.9414583333333333,0.9634375,0,-1,-1,-1,-1,weed,WEED
simple41110_1,freefrom,weed,1,0.051968749999999994,0.062,0.20189583333333333,0.21527083333333333,0,-1,-1,-1,-1,weed,WEED
simple41110_1,freefrom,weed,1,0.01109375,0.027968749999999997,0.4947916666666667,0.5291666666666667,0,-1,-1,-1,-1,weed,WEED
simple41110_1,freefrom,weed,1,0.1793125,0.19243749999999998,0.13789583333333333,0.15914583333333335,0,-1,-1,-1,-1,weed,WEED
simple41110_1,freefrom,weed,1,0.016328125,0.033828125,0.36333333333333334,0.38604166666666667,0,-1,-1,-1,-1,weed,WEED
simple41110_1,freefrom,weed,1,0.18060937500000002,0.20432812500000003,0.9307083333333334,0.9634375,0,-1,-1,-1,-1,weed,WEED
simple41110_1,freefrom,weed,1,0.161453125,0.17796875,0.6775625000000001,0.71175,0,-1,-1,-1,-1,weed,WEED
simple41110_1,freefrom,weed,1,0.22515625,0.251625,0.7014583333333333,0.725,0,-1,-1,-1,-1,weed,WEED
simple41110_1,freefrom,weed,1,0.23500000000000001,0.24874999999999997,0.483125,0.5027083333333333,0,-1,-1,-1,-1,weed,WEED
simple41110_1,freefrom,weed,1,0.15717187500000002,0.17625,0.47502083333333334,0.49233333333333335,0,-1,-1,-1,-1,weed,WEED
simple41110_2,freefrom,weed,1,0.961359375,0.979640625,0.015770833333333335,0.0486875,0,-1,-1,-1,-1,weed,WEED
simple41110_2,freefrom,weed,1,0.944296875,0.982625,0.8916666666666667,0.9451875,0,-1,-1,-1,-1,weed,WEED
simple41110_2,freefrom,weed,1,0.916015625,0.935171875,0.43545833333333334,0.461125,0,-1,-1,-1,-1,weed,WEED
simple41110_2,freefrom,weed,1,0.6478125,0.6704687500000001,0.19749999999999998,0.23604166666666665,0,-1,-1,-1,-1,weed,WEED
simple41110_2,freefrom,weed,1,0.730703125,0.7560156250000001,0.19749999999999998,0.21708333333333335,0,-1,-1,-1,-1,weed,WEED
simple41110_2,freefrom,weed,1,0.546484375,0.583890625,0.6361875,0.6825416666666667,0,-1,-1,-1,-1,weed,WEED
simple41110_2,freefrom,weed,1,0.623125,0.680609375,0.6716041666666667,0.6958125000000001,0,-1,-1,-1,-1,weed,WEED
simple41110_3,freefrom,weed,1,0.194171875,0.2224375,0.24914583333333334,0.29583333333333334,0,-1,-1,-1,-1,weed,WEED
simple41110_3,freefrom,weed,1,0.193046875,0.22356250000000003,0.6845625,0.7297708333333334,0,-1,-1,-1,-1,weed,WEED
simple41110_3,freefrom,weed,1,0.253859375,0.288875,0.25514583333333335,0.29283333333333333,0,-1,-1,-1,-1,weed,WEED
simple41110_3,freefrom,weed,1,0.27609374999999997,0.31843750000000004,0.6947916666666667,0.7339583333333334,0,-1,-1,-1,-1,weed,WEED
simple41409_0,freefrom,weed,1,0.905625,0.9282812500000001,0.2635416666666667,0.2816666666666666,0,-1,-1,-1,-1,weed,WEED
simple41409_0,freefrom,weed,1,0.741890625,0.76221875,0.9218958333333334,0.9691875,0,-1,-1,-1,-1,weed,WEED
simple41409_0,freefrom,weed,1,0.8721875000000001,0.8940625000000001,0.435875,0.466875,0,-1,-1,-1,-1,weed,WEED
simple41409_0,freefrom,weed,1,0.77925,0.80834375,0.6641666666666667,0.7044374999999999,0,-1,-1,-1,-1,weed,WEED
simple41409_0,freefrom,weed,1,0.85375,0.8748437499999999,0.67,0.6891666666666667,0,-1,-1,-1,-1,weed,WEED
simple41409_0,freefrom,weed,1,0.8104687500000001,0.82640625,0.4229791666666667,0.4579791666666667,0,-1,-1,-1,-1,weed,WEED
simple41409_0,freefrom,weed,1,0.9329062499999999,0.949921875,0.1095,0.13366666666666666,0,-1,-1,-1,-1,weed,WEED
simple41409_0,freefrom,weed,1,0.79003125,0.8248749999999999,0.9527291666666666,0.9735625,0,-1,-1,-1,-1,weed,WEED
simple41409_1,freefrom,weed,1,0.217109375,0.244484375,0.7152708333333333,0.7555416666666667,0,-1,-1,-1,-1,weed,WEED
simple41409_1,freefrom,weed,1,0.00725,0.023671875000000002,0.8259791666666667,0.8467708333333334,0,-1,-1,-1,-1,weed,WEED
simple41409_1,freefrom,weed,1,0.27,0.29465625,0.7177083333333333,0.7468958333333333,0,-1,-1,-1,-1,weed,WEED
simple41409_1,freefrom,weed,1,0.203390625,0.229875,0.5011458333333334,0.5279166666666667,0,-1,-1,-1,-1,weed,WEED
simple41409_1,freefrom,weed,1,0.030625000000000003,0.051875000000000004,0.5516666666666666,0.5804166666666667,0,-1,-1,-1,-1,weed,WEED
simple41409_1,freefrom,weed,1,0.2526875,0.271859375,0.5121041666666667,0.5267083333333333,0,-1,-1,-1,-1,weed,WEED
simple41409_1,freefrom,weed,1,0.2478125,0.26265625,0.3314583333333333,0.353125,0,-1,-1,-1,-1,weed,WEED
simple41409_1,freefrom,weed,1,0.19340625,0.20798437500000003,0.31020833333333336,0.348,0,-1,-1,-1,-1,weed,WEED
simple41409_1,freefrom,weed,1,0.052968749999999995,0.06746875,0.38193750000000004,0.4038333333333333,0,-1,-1,-1,-1,weed,WEED
simple41409_1,freefrom,weed,1,0.25178124999999996,0.26546875000000003,0.17024999999999998,0.1885,0,-1,-1,-1,-1,weed,WEED
simple41409_1,freefrom,weed,1,0.189734375,0.20159375000000002,0.15566666666666668,0.17525000000000002,0,-1,-1,-1,-1,weed,WEED
simple41409_2,freefrom,weed,1,0.796484375,0.82578125,0.28708333333333336,0.3212291666666667,0,-1,-1,-1,-1,weed,WEED
simple41409_2,freefrom,weed,1,0.697953125,0.731703125,0.27852083333333333,0.33947916666666667,0,-1,-1,-1,-1,weed,WEED
simple41409_3,freefrom,weed,1,0.21071875,0.240015625,0.3503125,0.3892291666666667,0,-1,-1,-1,-1,weed,WEED
simple41409_3,freefrom,weed,1,0.04284375,0.06109375,0.0863125,0.12902083333333333,0,-1,-1,-1,-1,weed,WEED
simple41409_3,freefrom,weed,1,0.276421875,0.313828125,0,0.0230625,0,-1,-1,-1,-1,weed,WEED
simple41409_3,freefrom,weed,1,0.21984374999999998,0.2463125,0,0.0230625,0,-1,-1,-1,-1,weed,WEED
simple41409_3,freefrom,weed,1,0.29465625,0.33025000000000004,0.33691666666666664,0.37958333333333333,0,-1,-1,-1,-1,weed,WEED
simple41563_0,freefrom,weed,1,0.8334374999999999,0.84890625,0.64125,0.6664583333333333,0,-1,-1,-1,-1,weed,WEED
simple41563_0,freefrom,weed,1,0.8439375,0.8731249999999999,0.8782916666666666,0.9027291666666667,0,-1,-1,-1,-1,weed,WEED
simple41563_0,freefrom,weed,1,0.9914687499999999,0.99609375,0.065958333,0.078125,0,-1,-1,-1,-1,weed,WEED
simple41563_0,freefrom,weed,1,0.791015625,0.8193906249999999,0.8515208333333334,0.8978750000000001,0,-1,-1,-1,-1,weed,WEED
simple41563_0,freefrom,weed,1,0.8835000000000001,0.8975312499999999,0.31466666666666665,0.32779166666666665,0,-1,-1,-1,-1,weed,WEED
simple41563_0,freefrom,weed,1,0.9021250000000001,0.91328125,0.44966666666666666,0.4671666666666667,0,-1,-1,-1,-1,weed,WEED
simple41563_0,freefrom,weed,1,0.952546875,0.96425,0.1759375,0.19404166666666667,0,-1,-1,-1,-1,weed,WEED
simple41563_0,freefrom,weed,1,0.945125,0.954515625,0.3072708333333333,0.32708333333333334,0,-1,-1,-1,-1,weed,WEED
simple41563_0,freefrom,weed,1,0.8483750000000001,0.86025,0.43672916666666667,0.4663333333333333,0,-1,-1,-1,-1,weed,WEED
simple41563_0,freefrom,weed,1,0.8921250000000001,0.91196875,0.6490208333333333,0.6644583333333334,0,-1,-1,-1,-1,weed,WEED
simple41563_1,freefrom,weed,1,0.18875,0.20437500000000003,0.21583333333333332,0.22854166666666667,0,-1,-1,-1,-1,weed,WEED
simple41563_1,freefrom,weed,1,0.28434375,0.31384375000000003,0.9150208333333333,0.9402083333333333,0,-1,-1,-1,-1,weed,WEED
simple41563_1,freefrom,weed,1,0.21998437499999998,0.24701562500000002,0.9051041666666666,0.9276041666666667,0,-1,-1,-1,-1,weed,WEED
simple41563_1,freefrom,weed,1,0.252734375,0.273109375,0.5088958333333333,0.5255625,0,-1,-1,-1,-1,weed,WEED
simple41563_1,freefrom,weed,1,0.189671875,0.208921875,0.35122916666666665,0.3739166666666666,0,-1,-1,-1,-1,weed,WEED
simple41563_1,freefrom,weed,1,0.24562499999999998,0.26187499999999997,0.3564583333333333,0.37937499999999996,0,-1,-1,-1,-1,weed,WEED
simple41563_1,freefrom,weed,1,0.2478125,0.25953125,0.22435416666666666,0.235,0,-1,-1,-1,-1,weed,WEED
simple41563_1,freefrom,weed,1,0.074765625,0.089234375,0.14541666666666667,0.16158333333333333,0,-1,-1,-1,-1,weed,WEED
simple41563_1,freefrom,weed,1,0.271296875,0.29134375,0.6813125,0.7017083333333333,0,-1,-1,-1,-1,weed,WEED
simple41563_1,freefrom,weed,1,0.21168749999999997,0.23284375000000002,0.49952083333333336,0.5262083333333334,0,-1,-1,-1,-1,weed,WEED
simple41563_1,freefrom,weed,1,0.034687499999999996,0.04578125,0.77625,0.7958333333333333,0,-1,-1,-1,-1,weed,WEED
simple41563_1,freefrom,weed,1,0.0555625,0.066515625,0.54575,0.5734791666666667,0,-1,-1,-1,-1,weed,WEED
simple41563_1,freefrom,weed,1,0.069171875,0.078296875,0.40379166666666666,0.4174583333333333,0,-1,-1,-1,-1,weed,WEED
simple41563_1,freefrom,weed,1,0.22560937499999997,0.245890625,0.6837083333333334,0.7068125,0,-1,-1,-1,-1,weed,WEED
simple41563_2,freefrom,weed,1,0.764546875,0.79840625,0.14591666666666667,0.19214583333333335,0,-1,-1,-1,-1,weed,WEED
simple41563_2,freefrom,weed,1,0.854875,0.885078125,0.1496875,0.17147916666666668,0,-1,-1,-1,-1,weed,WEED
simple41563_3,freefrom,weed,1,0.28918750000000004,0.328421875,0.19214583333333335,0.22379166666666667,0,-1,-1,-1,-1,weed,WEED
simple41563_3,freefrom,weed,1,0.07203125,0.092203125,0,0.020625,0,-1,-1,-1,-1,weed,WEED
simple41563_3,freefrom,weed,1,0.22349999999999998,0.253609375,0.20431249999999998,0.22997916666666668,0,-1,-1,-1,-1,weed,WEED
simple41711_0,freefrom,weed,1,0.9415625000000001,0.9598125,0.18485416666666668,0.20079166666666665,0,-1,-1,-1,-1,weed,WEED
simple41711_0,freefrom,weed,1,0.87984375,0.90015625,0.17416666666666666,0.20500000000000002,0,-1,-1,-1,-1,weed,WEED
simple41711_0,freefrom,weed,1,0.90240625,0.92584375,0.3968125,0.41285416666666663,0,-1,-1,-1,-1,weed,WEED
simple41711_0,freefrom,weed,1,0.8338906250000001,0.8613593749999999,0.6288958333333333,0.6690416666666666,0,-1,-1,-1,-1,weed,WEED
simple41711_0,freefrom,weed,1,0.9205781249999999,0.94165625,0.6325416666666667,0.6496875000000001,0,-1,-1,-1,-1,weed,WEED
simple41711_0,freefrom,weed,1,0.854875,0.87678125,0.3734166666666667,0.40991666666666665,0,-1,-1,-1,-1,weed,WEED
simple41711_1,freefrom,weed,1,0.30546875,0.33020312500000004,0.2193125,0.2460625,0,-1,-1,-1,-1,weed,WEED
simple41711_1,freefrom,weed,1,0.250421875,0.27375,0.047604167,0.068770833,0,-1,-1,-1,-1,weed,WEED
simple41711_1,freefrom,weed,1,0.292875,0.308265625,0.046375000000000006,0.071875,0,-1,-1,-1,-1,weed,WEED
simple41711_1,freefrom,weed,1,0.256484375,0.270015625,0.6796458333333334,0.711375,0,-1,-1,-1,-1,weed,WEED
simple41711_1,freefrom,weed,1,0.323671875,0.33440625,0.6703125,0.7032916666666666,0,-1,-1,-1,-1,weed,WEED
simple41711_1,freefrom,weed,1,0.108578125,0.128640625,0.498625,0.5203958333333333,0,-1,-1,-1,-1,weed,WEED
simple41711_1,freefrom,weed,1,0.25789062500000004,0.276546875,0.4295625,0.44635416666666666,0,-1,-1,-1,-1,weed,WEED
simple41711_1,freefrom,weed,1,0.314796875,0.342796875,0.43333333333333335,0.4594166666666667,0,-1,-1,-1,-1,weed,WEED
simple41711_1,freefrom,weed,1,0.081984375,0.089921875,0.29458333333333336,0.31945833333333334,0,-1,-1,-1,-1,weed,WEED
simple41711_1,freefrom,weed,1,0.25975000000000004,0.284484375,0.2186875,0.24854166666666666,0,-1,-1,-1,-1,weed,WEED
simple41711_1,freefrom,weed,1,0.09971875,0.108578125,0.0849375,0.11354166666666667,0,-1,-1,-1,-1,weed,WEED
simple42004,freefrom,weed,1,0.6194843750000001,0.642296875,0.27852083333333333,0.36625,0,-1,-1,-1,-1,weed,WEED
simple42004,freefrom,weed,1,0.51090625,0.545671875,0.29312499999999997,0.33827083333333335,0,-1,-1,-1,-1,weed,WEED
simple42303,freefrom,weed,1,0.0939375,0.136,0.298,0.3419166666666667,0,-1,-1,-1,-1,weed,WEED
simple42303,freefrom,weed,1,0.76640625,0.824859375,0.5310416666666666,0.5583333333333333,0,-1,-1,-1,-1,weed,WEED
simple42303,freefrom,weed,1,0.6568906250000001,0.6824375,0.49141666666666667,0.5365625,0,-1,-1,-1,-1,weed,WEED
simple44080,freefrom,weed,1,0.312,0.34584375,0.4719583333333333,0.5473750000000001,0,-1,-1,-1,-1,weed,WEED
simple44080,freefrom,weed,1,0.19453125,0.240015625,0.45858333333333334,0.5241666666666667,0,-1,-1,-1,-1,weed,WEED
simple44080,freefrom,weed,1,0.8371875,0.8856249999999999,0.6710416666666668,0.6979166666666666,0,-1,-1,-1,-1,weed,WEED
simple44080,freefrom,weed,1,0.61375,0.6368750000000001,0.21041666666666667,0.245,0,-1,-1,-1,-1,weed,WEED
simple44080,freefrom,weed,1,0.927875,0.9588906250000001,0.0729375,0.12779166666666666,0,-1,-1,-1,-1,weed,WEED
simple44080,freefrom,weed,1,0.8439375,0.874046875,0.048604166666666664,0.088875,0,-1,-1,-1,-1,weed,WEED
simple44080,freefrom,weed,1,0.75390625,0.7755,0.6496875000000001,0.6779166666666666,0,-1,-1,-1,-1,weed,WEED
simple45013_0,freefrom,weed,1,0.824796875,0.8305468749999999,0.111,0.12616666666666668,0,-1,-1,-1,-1,weed,WEED
simple45013_0,freefrom,weed,1,0.6569843750000001,0.677875,0.7007916666666667,0.7372916666666666,0,-1,-1,-1,-1,weed,WEED
simple45013_0,freefrom,weed,1,0.7253125,0.750953125,0.7177083333333333,0.7506666666666667,0,-1,-1,-1,-1,weed,WEED
simple45013_0,freefrom,weed,1,0.72075,0.7363593749999999,0.4731666666666667,0.5097916666666666,0,-1,-1,-1,-1,weed,WEED
simple45013_0,freefrom,weed,1,0.791015625,0.8056093750000001,0.4804791666666667,0.511,0,-1,-1,-1,-1,weed,WEED
simple45013_0,freefrom,weed,1,0.9680156249999999,0.9827031249999999,0.3685625,0.4062708333333333,0,-1,-1,-1,-1,weed,WEED
simple45013_0,freefrom,weed,1,0.827515625,0.84940625,0.2846041666666667,0.3139375,0,-1,-1,-1,-1,weed,WEED
simple45013_0,freefrom,weed,1,0.7599843749999999,0.78471875,0.27366666666666667,0.2967708333333333,0,-1,-1,-1,-1,weed,WEED
simple45013_0,freefrom,weed,1,0.982625,1,0.23850000000000002,0.26527083333333334,0,-1,-1,-1,-1,weed,WEED
simple45013_0,freefrom,weed,1,0.946125,0.96446875,0.6398333333333334,0.6605208333333333,0,-1,-1,-1,-1,weed,WEED
simple45013_0,freefrom,weed,1,0.9096249999999999,0.9315312499999999,0.8600416666666667,0.9135624999999999,0,-1,-1,-1,-1,weed,WEED
simple45013_1,freefrom,weed,1,0.172484375,0.19296875,0.8077083333333334,0.8308333333333333,0,-1,-1,-1,-1,weed,WEED
simple45013_1,freefrom,weed,1,0.11859375000000001,0.13873437500000002,0.7920416666666666,0.8308333333333333,0,-1,-1,-1,-1,weed,WEED
simple45013_1,freefrom,weed,1,0.10670312500000001,0.129609375,0.55225,0.5864375000000001,0,-1,-1,-1,-1,weed,WEED
simple45013_1,freefrom,weed,1,0.175234375,0.19339062499999998,0.5669791666666666,0.6010416666666667,0,-1,-1,-1,-1,weed,WEED
simple45013_1,freefrom,weed,1,0.11582812499999999,0.136,0.35152083333333334,0.3784166666666666,0,-1,-1,-1,-1,weed,WEED
simple45013_1,freefrom,weed,1,0.190640625,0.20432812500000003,0.36489583333333336,0.384375,0,-1,-1,-1,-1,weed,WEED
simple45013_2,freefrom,weed,1,0.41509375000000004,0.439828125,0.9818125,1,0,-1,-1,-1,-1,weed,WEED
simple45013_2,freefrom,weed,1,0.536453125,0.563828125,0.9866875,1,0,-1,-1,-1,-1,weed,WEED
simple45013_2,freefrom,weed,1,0.8631875000000001,0.8849843749999999,0.6641666666666667,0.7044374999999999,0,-1,-1,-1,-1,weed,WEED
simple45013_2,freefrom,weed,1,0.504609375,0.541015625,0.434375,0.479375,0,-1,-1,-1,-1,weed,WEED
simple45013_2,freefrom,weed,1,0.573953125,0.61765625,0.4464166666666667,0.48181250000000003,0,-1,-1,-1,-1,weed,WEED
simple45013_2,freefrom,weed,1,0.8567031249999999,0.870390625,0.26027083333333334,0.288375,0,-1,-1,-1,-1,weed,WEED
simple45013_2,freefrom,weed,1,0.5946875,0.629046875,0.032145833,0.081041667,0,-1,-1,-1,-1,weed,WEED
simple45013_2,freefrom,weed,1,0.6860937500000001,0.70615625,0.0498125,0.070625,0,-1,-1,-1,-1,weed,WEED
simple45013_3,freefrom,weed,1,0.18153125,0.217203125,0.4962916666666667,0.5546875,0,-1,-1,-1,-1,weed,WEED
simple45013_3,freefrom,weed,1,0.1003125,0.119484375,0.4962916666666667,0.5315625,0,-1,-1,-1,-1,weed,WEED
simple45013_3,freefrom,weed,1,0.11582812499999999,0.14776562499999998,0.10091666666666667,0.13375,0,-1,-1,-1,-1,weed,WEED
simple45013_3,freefrom,weed,1,0.18426562500000002,0.2098125,0.0911875,0.12779166666666666,0,-1,-1,-1,-1,weed,WEED
simple45303,freefrom,weed,1,0.643203125,0.66921875,0.65125,0.6740208333333333,0,-1,-1,-1,-1,weed,WEED
simple45303,freefrom,weed,1,0.18060937500000002,0.21345312500000002,0.511,0.557125,0,-1,-1,-1,-1,weed,WEED
simple45303,freefrom,weed,1,0.27003125,0.28918750000000004,0.5267083333333333,0.5595416666666666,0,-1,-1,-1,-1,weed,WEED
simple45303,freefrom,weed,1,0.5848125,0.59584375,0.6435,0.6629583333333334,0,-1,-1,-1,-1,weed,WEED
simple45303,freefrom,weed,1,0.704328125,0.7280625,0.23364583333333336,0.2724375,0,-1,-1,-1,-1,weed,WEED
simple45303,freefrom,weed,1,0.648671875,0.66515625,0.21770833333333334,0.24214583333333334,0,-1,-1,-1,-1,weed,WEED
simple45303,freefrom,weed,1,0.22440625,0.248125,0.075375,0.12293749999999999,0,-1,-1,-1,-1,weed,WEED
simple45303,freefrom,weed,1,0.48046875,0.49812500000000004,0.33327083333333335,0.36041666666666666,0,-1,-1,-1,-1,weed,WEED
simple45303,freefrom,weed,1,0.29167187499999997,0.319328125,0.080541667,0.12658333333333333,0,-1,-1,-1,-1,weed,WEED
simple45764_0,freefrom,weed,1,0.731703125,0.74721875,0.6459166666666667,0.6641666666666667,0,-1,-1,-1,-1,weed,WEED
simple45764_0,freefrom,weed,1,0.7800625,0.797484375,0.4439791666666667,0.461125,0,-1,-1,-1,-1,weed,WEED
simple45764_0,freefrom,weed,1,0.827515625,0.8422031249999999,0.43424999999999997,0.465875,0,-1,-1,-1,-1,weed,WEED
simple45764_0,freefrom,weed,1,0.8092656249999999,0.8175625,0.6593125000000001,0.6764583333333333,0,-1,-1,-1,-1,weed,WEED
simple45764_0,freefrom,weed,1,0.9141875,0.9342656249999999,0.8125833333333333,0.8369166666666668,0,-1,-1,-1,-1,weed,WEED
simple45764_0,freefrom,weed,1,0.729875,0.749046875,0.8795000000000001,0.9196458333333334,0,-1,-1,-1,-1,weed,WEED
simple45764_0,freefrom,weed,1,0.65059375,0.66965625,0.8771875,0.9074791666666666,0,-1,-1,-1,-1,weed,WEED
simple45764_1,freefrom,weed,1,0.12221875,0.136,0.720125,0.74325,0,-1,-1,-1,-1,weed,WEED
simple45764_1,freefrom,weed,1,0.07303125,0.09484375,0.9574791666666667,0.9891041666666667,0,-1,-1,-1,-1,weed,WEED
simple45764_1,freefrom,weed,1,0.157796875,0.177046875,0.9731666666666666,0.9914166666666666,0,-1,-1,-1,-1,weed,WEED
simple45764_1,freefrom,weed,1,0.175234375,0.190640625,0.7129583333333334,0.7372916666666666,0,-1,-1,-1,-1,weed,WEED
simple45764_1,freefrom,weed,1,0.13325,0.141375,0.35272916666666665,0.3685625,0,-1,-1,-1,-1,weed,WEED
simple45764_1,freefrom,weed,1,0.110359375,0.129609375,0.5011458333333334,0.5254791666666666,0,-1,-1,-1,-1,weed,WEED
simple45764_2,freefrom,weed,1,0.77925,0.8129062499999999,0.8259791666666667,0.89775,0,-1,-1,-1,-1,weed,WEED
simple45764_2,freefrom,weed,1,0.887734375,0.90971875,0.002375,0.0498125,0,-1,-1,-1,-1,weed,WEED
simple45764_2,freefrom,weed,1,0.659625,0.7006249999999999,0.17997916666666666,0.22379166666666667,0,-1,-1,-1,-1,weed,WEED
simple45764_2,freefrom,weed,1,0.565640625,0.59940625,0.17997916666666666,0.22877083333333334,0,-1,-1,-1,-1,weed,WEED
simple45764_2,freefrom,weed,1,0.857625,0.870390625,0.411125,0.44033333333333335,0,-1,-1,-1,-1,weed,WEED
simple45764_2,freefrom,weed,1,0.5629062499999999,0.583125,0.5766666666666667,0.6290208333333334,0,-1,-1,-1,-1,weed,WEED
simple45764_2,freefrom,weed,1,0.463453125,0.49182812499999995,0.5607708333333333,0.6118541666666667,0,-1,-1,-1,-1,weed,WEED
simple45764_3,freefrom,weed,1,0.057437499999999996,0.086640625,0.2700208333333334,0.3028541666666667,0,-1,-1,-1,-1,weed,WEED
simple45764_3,freefrom,weed,1,0.144109375,0.170671875,0.6982291666666666,0.7237916666666667,0,-1,-1,-1,-1,weed,WEED
simple45764_3,freefrom,weed,1,0.072953125,0.10487500000000001,0.6738958333333334,0.7237916666666667,0,-1,-1,-1,-1,weed,WEED
simple45764_3,freefrom,weed,1,0.144109375,0.171578125,0.28583333333333333,0.3187916666666667,0,-1,-1,-1,-1,weed,WEED
simple47114_0,freefrom,weed,1,0.94703125,0.9734999999999999,0.7602708333333333,0.7920416666666666,0,-1,-1,-1,-1,weed,WEED
simple47114_0,freefrom,weed,1,0.559265625,0.5876406249999999,0.6544375,0.6860416666666667,0,-1,-1,-1,-1,weed,WEED
simple47114_0,freefrom,weed,1,0.49995312500000005,0.5310625,0.6519999999999999,0.6764583333333333,0,-1,-1,-1,-1,weed,WEED
simple47114_0,freefrom,weed,1,0.7415625,0.75734375,0.879375,0.9063958333333333,0,-1,-1,-1,-1,weed,WEED
